listing_number,href,image_url
T4344130,https://www.privateproperty.co.za/for-sale/gauteng/johannesburg/northcliff/westdene/T4344130,https://helium.privateproperty.co.za/live-za-images/property/970/3/9906970/images/property-9906970-21822030_e.jpg
T4515204,https://www.privateproperty.co.za/for-sale/gauteng/johannesburg/north-riding-to-lanseria/sundowner/T4515204,https://helium.privateproperty.co.za/live-za-images/property/1741/1/10203741/images/property-10203741-63224349_e.jpg
T4344130,https://www.privateproperty.co.za/for-sale/gauteng/johannesburg/northcliff/westdene/T4344130,https://helium.privateproperty.co.za/live-za-images/property/970/3/9906970/images/property-9906970-89917444_e.jpg
T4344130,https://www.privateproperty.co.za/for-sale/gauteng/johannesburg/northcliff/westdene/T4344130,https://helium.privateproperty.co.za/live-za-images/property/970/3/9906970/images/property-9906970-10485874_e.jpg
T4344130,https://www.privateproperty.co.za/for-sale/gauteng/johannesburg/northcliff/westdene/T4344130,https://helium.privateproperty.co.za/live-za-images/property/970/3/9906970/images/property-9906970-65757989_e.jpg
T4344130,https://www.privateproperty.co.za/for-sale/gauteng/johannesburg/northcliff/westdene/T4344130,https://helium.privateproperty.co.za/live-za-images/property/970/3/9906970/images/property-9906970-85753151_e.jpg
T4344130,https://www.privateproperty.co.za/for-sale/gauteng/johannesburg/northcliff/westdene/T4344130,https://helium.privateproperty.co.za/live-za-images/property/970/3/9906970/images/property-9906970-83533015_e.jpg
T4344130,https://www.privateproperty.co.za/for-sale/gauteng/johannesburg/northcliff/westdene/T4344130,https://helium.privateproperty.co.za/live-za-images/property/970/3/9906970/images/property-9906970-85987587_e.jpg
T4344130,https://www.privateproperty.co.za/for-sale/gauteng/johannesburg/northcliff/westdene/T4344130,https://helium.privateproperty.co.za/live-za-images/property/970/3/9906970/images/property-9906970-15065339_e.jpg
T4344130,https://www.privateproperty.co.za/for-sale/gauteng/johannesburg/northcliff/westdene/T4344130,https://helium.privateproperty.co.za/live-za-images/property/970/3/9906970/images/property-9906970-80906477_e.jpg
T4344130,https://www.privateproperty.co.za/for-sale/gauteng/johannesburg/northcliff/westdene/T4344130,https://helium.privateproperty.co.za/live-za-images/property/970/3/9906970/images/property-9906970-77060831_e.jpg
T4344130,https://www.privateproperty.co.za/for-sale/gauteng/johannesburg/northcliff/westdene/T4344130,https://helium.privateproperty.co.za/live-za-images/property/970/3/9906970/images/property-9906970-61539391_e.jpg
T4344130,https://www.privateproperty.co.za/for-sale/gauteng/johannesburg/northcliff/westdene/T4344130,https://helium.privateproperty.co.za/live-za-images/property/970/3/9906970/images/property-9906970-3846942_e.jpg
T4344130,https://www.privateproperty.co.za/for-sale/gauteng/johannesburg/northcliff/westdene/T4344130,https://helium.privateproperty.co.za/live-za-images/property/970/3/9906970/images/property-9906970-76735755_e.jpg
T4344130,https://www.privateproperty.co.za/for-sale/gauteng/johannesburg/northcliff/westdene/T4344130,https://helium.privateproperty.co.za/live-za-images/property/970/3/9906970/images/property-9906970-14801133_e.jpg
T4344130,https://www.privateproperty.co.za/for-sale/gauteng/johannesburg/northcliff/westdene/T4344130,https://helium.privateproperty.co.za/live-za-images/property/970/3/9906970/images/property-9906970-97605371_e.jpg
T4344130,https://www.privateproperty.co.za/for-sale/gauteng/johannesburg/northcliff/westdene/T4344130,https://helium.privateproperty.co.za/live-za-images/property/970/3/9906970/images/property-9906970-69283798_e.jpg
T4344130,https://www.privateproperty.co.za/for-sale/gauteng/johannesburg/northcliff/westdene/T4344130,https://helium.privateproperty.co.za/live-za-images/property/970/3/9906970/images/property-9906970-38215249_e.jpg
T4515204,https://www.privateproperty.co.za/for-sale/gauteng/johannesburg/north-riding-to-lanseria/sundowner/T4515204,https://helium.privateproperty.co.za/live-za-images/property/1741/1/10203741/images/property-10203741-21892808_e.jpg
T4515204,https://www.privateproperty.co.za/for-sale/gauteng/johannesburg/north-riding-to-lanseria/sundowner/T4515204,https://helium.privateproperty.co.za/live-za-images/property/1741/1/10203741/images/property-10203741-25201474_e.jpg
T4515204,https://www.privateproperty.co.za/for-sale/gauteng/johannesburg/north-riding-to-lanseria/sundowner/T4515204,https://helium.privateproperty.co.za/live-za-images/property/1741/1/10203741/images/property-10203741-6802271_e.jpg
T4515204,https://www.privateproperty.co.za/for-sale/gauteng/johannesburg/north-riding-to-lanseria/sundowner/T4515204,https://helium.privateproperty.co.za/live-za-images/property/1741/1/10203741/images/property-10203741-3575762_e.jpg
T4515204,https://www.privateproperty.co.za/for-sale/gauteng/johannesburg/north-riding-to-lanseria/sundowner/T4515204,https://helium.privateproperty.co.za/live-za-images/property/1741/1/10203741/images/property-10203741-29457887_e.jpg
T4515204,https://www.privateproperty.co.za/for-sale/gauteng/johannesburg/north-riding-to-lanseria/sundowner/T4515204,https://helium.privateproperty.co.za/live-za-images/property/1741/1/10203741/images/property-10203741-72468267_e.jpg
T4515204,https://www.privateproperty.co.za/for-sale/gauteng/johannesburg/north-riding-to-lanseria/sundowner/T4515204,https://helium.privateproperty.co.za/live-za-images/property/1741/1/10203741/images/property-10203741-34650834_e.jpg
T4515204,https://www.privateproperty.co.za/for-sale/gauteng/johannesburg/north-riding-to-lanseria/sundowner/T4515204,https://helium.privateproperty.co.za/live-za-images/property/1741/1/10203741/images/property-10203741-97202346_e.jpg
T4515204,https://www.privateproperty.co.za/for-sale/gauteng/johannesburg/north-riding-to-lanseria/sundowner/T4515204,https://helium.privateproperty.co.za/live-za-images/property/1741/1/10203741/images/property-10203741-34886899_e.jpg
T4515204,https://www.privateproperty.co.za/for-sale/gauteng/johannesburg/north-riding-to-lanseria/sundowner/T4515204,https://helium.privateproperty.co.za/live-za-images/property/1741/1/10203741/images/property-10203741-37142466_e.jpg
T4515204,https://www.privateproperty.co.za/for-sale/gauteng/johannesburg/north-riding-to-lanseria/sundowner/T4515204,https://helium.privateproperty.co.za/live-za-images/property/1741/1/10203741/images/property-10203741-58754688_e.jpg
T4515204,https://www.privateproperty.co.za/for-sale/gauteng/johannesburg/north-riding-to-lanseria/sundowner/T4515204,https://helium.privateproperty.co.za/live-za-images/property/1741/1/10203741/images/property-10203741-10005058_e.jpg
T4515204,https://www.privateproperty.co.za/for-sale/gauteng/johannesburg/north-riding-to-lanseria/sundowner/T4515204,https://helium.privateproperty.co.za/live-za-images/property/1741/1/10203741/images/property-10203741-42719533_e.jpg
T4515204,https://www.privateproperty.co.za/for-sale/gauteng/johannesburg/north-riding-to-lanseria/sundowner/T4515204,https://helium.privateproperty.co.za/live-za-images/property/1741/1/10203741/images/property-10203741-34822760_e.jpg
T4515204,https://www.privateproperty.co.za/for-sale/gauteng/johannesburg/north-riding-to-lanseria/sundowner/T4515204,https://helium.privateproperty.co.za/live-za-images/property/1741/1/10203741/images/property-10203741-28351988_e.jpg
T4344130,https://www.privateproperty.co.za/for-sale/gauteng/johannesburg/northcliff/westdene/T4344130,https://helium.privateproperty.co.za/live-za-images/property/970/3/9906970/images/property-9906970-47487016_e.jpg
T4344130,https://www.privateproperty.co.za/for-sale/gauteng/johannesburg/northcliff/westdene/T4344130,https://helium.privateproperty.co.za/live-za-images/property/970/3/9906970/images/property-9906970-89375103_e.jpg
T4344130,https://www.privateproperty.co.za/for-sale/gauteng/johannesburg/northcliff/westdene/T4344130,https://helium.privateproperty.co.za/live-za-images/property/970/3/9906970/images/property-9906970-62261844_e.jpg
T4344130,https://www.privateproperty.co.za/for-sale/gauteng/johannesburg/northcliff/westdene/T4344130,https://helium.privateproperty.co.za/live-za-images/property/970/3/9906970/images/property-9906970-26191933_e.jpg
T4344130,https://www.privateproperty.co.za/for-sale/gauteng/johannesburg/northcliff/westdene/T4344130,https://helium.privateproperty.co.za/live-za-images/property/970/3/9906970/images/property-9906970-3720254_e.jpg
T4344130,https://www.privateproperty.co.za/for-sale/gauteng/johannesburg/northcliff/westdene/T4344130,https://helium.privateproperty.co.za/live-za-images/property/970/3/9906970/images/property-9906970-30714719_e.jpg
T4344130,https://www.privateproperty.co.za/for-sale/gauteng/johannesburg/northcliff/westdene/T4344130,https://helium.privateproperty.co.za/live-za-images/property/970/3/9906970/images/property-9906970-70181901_e.jpg
T4344130,https://www.privateproperty.co.za/for-sale/gauteng/johannesburg/northcliff/westdene/T4344130,https://helium.privateproperty.co.za/live-za-images/property/970/3/9906970/images/property-9906970-11185392_e.jpg
T4344130,https://www.privateproperty.co.za/for-sale/gauteng/johannesburg/northcliff/westdene/T4344130,https://helium.privateproperty.co.za/live-za-images/property/970/3/9906970/images/property-9906970-65927832_e.jpg
T4344130,https://www.privateproperty.co.za/for-sale/gauteng/johannesburg/northcliff/westdene/T4344130,https://helium.privateproperty.co.za/live-za-images/property/970/3/9906970/images/property-9906970-10093337_e.jpg
T4344130,https://www.privateproperty.co.za/for-sale/gauteng/johannesburg/northcliff/westdene/T4344130,https://helium.privateproperty.co.za/live-za-images/property/970/3/9906970/images/property-9906970-78471514_e.jpg
T4344130,https://www.privateproperty.co.za/for-sale/gauteng/johannesburg/northcliff/westdene/T4344130,https://helium.privateproperty.co.za/live-za-images/property/970/3/9906970/images/property-9906970-90991932_e.jpg
T4344130,https://www.privateproperty.co.za/for-sale/gauteng/johannesburg/northcliff/westdene/T4344130,https://helium.privateproperty.co.za/live-za-images/property/970/3/9906970/images/property-9906970-25067383_e.jpg
T4515204,https://www.privateproperty.co.za/for-sale/gauteng/johannesburg/north-riding-to-lanseria/sundowner/T4515204,https://helium.privateproperty.co.za/live-za-images/property/1741/1/10203741/images/property-10203741-67298069_e.jpg
T4515204,https://www.privateproperty.co.za/for-sale/gauteng/johannesburg/north-riding-to-lanseria/sundowner/T4515204,https://helium.privateproperty.co.za/live-za-images/property/1741/1/10203741/images/property-10203741-21368124_e.jpg
T4515204,https://www.privateproperty.co.za/for-sale/gauteng/johannesburg/north-riding-to-lanseria/sundowner/T4515204,https://helium.privateproperty.co.za/live-za-images/property/1741/1/10203741/images/property-10203741-40890225_e.jpg
T4515204,https://www.privateproperty.co.za/for-sale/gauteng/johannesburg/north-riding-to-lanseria/sundowner/T4515204,https://helium.privateproperty.co.za/live-za-images/property/1741/1/10203741/images/property-10203741-37101715_e.jpg
T4515204,https://www.privateproperty.co.za/for-sale/gauteng/johannesburg/north-riding-to-lanseria/sundowner/T4515204,https://helium.privateproperty.co.za/live-za-images/property/1741/1/10203741/images/property-10203741-57176966_e.jpg
T4515204,https://www.privateproperty.co.za/for-sale/gauteng/johannesburg/north-riding-to-lanseria/sundowner/T4515204,https://helium.privateproperty.co.za/live-za-images/property/1741/1/10203741/images/property-10203741-24526342_e.jpg
T4515204,https://www.privateproperty.co.za/for-sale/gauteng/johannesburg/north-riding-to-lanseria/sundowner/T4515204,https://helium.privateproperty.co.za/live-za-images/property/1741/1/10203741/images/property-10203741-12511577_e.jpg
T4515204,https://www.privateproperty.co.za/for-sale/gauteng/johannesburg/north-riding-to-lanseria/sundowner/T4515204,https://helium.privateproperty.co.za/live-za-images/property/1741/1/10203741/images/property-10203741-94802737_e.jpg
T4515204,https://www.privateproperty.co.za/for-sale/gauteng/johannesburg/north-riding-to-lanseria/sundowner/T4515204,https://helium.privateproperty.co.za/live-za-images/property/1741/1/10203741/images/property-10203741-91453328_e.jpg
T4515204,https://www.privateproperty.co.za/for-sale/gauteng/johannesburg/north-riding-to-lanseria/sundowner/T4515204,https://helium.privateproperty.co.za/live-za-images/property/1741/1/10203741/images/property-10203741-38904471_e.jpg
T4515204,https://www.privateproperty.co.za/for-sale/gauteng/johannesburg/north-riding-to-lanseria/sundowner/T4515204,https://helium.privateproperty.co.za/live-za-images/property/1741/1/10203741/images/property-10203741-76830697_e.jpg
T4515204,https://www.privateproperty.co.za/for-sale/gauteng/johannesburg/north-riding-to-lanseria/sundowner/T4515204,https://helium.privateproperty.co.za/live-za-images/property/1741/1/10203741/images/property-10203741-78604795_e.jpg
T4515204,https://www.privateproperty.co.za/for-sale/gauteng/johannesburg/north-riding-to-lanseria/sundowner/T4515204,https://helium.privateproperty.co.za/live-za-images/property/1741/1/10203741/images/property-10203741-88571759_e.jpg
T4515204,https://www.privateproperty.co.za/for-sale/gauteng/johannesburg/north-riding-to-lanseria/sundowner/T4515204,https://helium.privateproperty.co.za/live-za-images/property/1741/1/10203741/images/property-10203741-20660220_e.jpg
T3724769,https://www.privateproperty.co.za/for-sale/gauteng/west-rand/roodepoort/honey-park/1-glover-rd/T3724769,https://helium.privateproperty.co.za/live-za-images/property/1200/6/8713200/images/property-8713200-22335293_e.jpg
T4084302,https://www.privateproperty.co.za/for-sale/gauteng/johannesburg/sandton-and-bryanston-north/river-club/T4084302,https://helium.privateproperty.co.za/live-za-images/property/525/12/9424525/images/property-9424525-18668680_e.jpg
T3724769,https://www.privateproperty.co.za/for-sale/gauteng/west-rand/roodepoort/honey-park/1-glover-rd/T3724769,https://helium.privateproperty.co.za/live-za-images/property/1200/6/8713200/images/property-8713200-90729269_e.jpg
T3724769,https://www.privateproperty.co.za/for-sale/gauteng/west-rand/roodepoort/honey-park/1-glover-rd/T3724769,https://helium.privateproperty.co.za/live-za-images/property/1200/6/8713200/images/property-8713200-8266138_e.jpg
T3724769,https://www.privateproperty.co.za/for-sale/gauteng/west-rand/roodepoort/honey-park/1-glover-rd/T3724769,https://helium.privateproperty.co.za/live-za-images/property/1200/6/8713200/images/property-8713200-11551047_e.jpg
T3724769,https://www.privateproperty.co.za/for-sale/gauteng/west-rand/roodepoort/honey-park/1-glover-rd/T3724769,https://helium.privateproperty.co.za/live-za-images/property/1200/6/8713200/images/property-8713200-76861804_e.jpg
T3724769,https://www.privateproperty.co.za/for-sale/gauteng/west-rand/roodepoort/honey-park/1-glover-rd/T3724769,https://helium.privateproperty.co.za/live-za-images/property/1200/6/8713200/images/property-8713200-54791295_e.jpg
T3724769,https://www.privateproperty.co.za/for-sale/gauteng/west-rand/roodepoort/honey-park/1-glover-rd/T3724769,https://helium.privateproperty.co.za/live-za-images/property/1200/6/8713200/images/property-8713200-32501740_e.jpg
T3724769,https://www.privateproperty.co.za/for-sale/gauteng/west-rand/roodepoort/honey-park/1-glover-rd/T3724769,https://helium.privateproperty.co.za/live-za-images/property/1200/6/8713200/images/property-8713200-73057589_e.jpg
T3724769,https://www.privateproperty.co.za/for-sale/gauteng/west-rand/roodepoort/honey-park/1-glover-rd/T3724769,https://helium.privateproperty.co.za/live-za-images/property/1200/6/8713200/images/property-8713200-58212347_e.jpg
T3724769,https://www.privateproperty.co.za/for-sale/gauteng/west-rand/roodepoort/honey-park/1-glover-rd/T3724769,https://helium.privateproperty.co.za/live-za-images/property/1200/6/8713200/images/property-8713200-83351009_e.jpg
T3724769,https://www.privateproperty.co.za/for-sale/gauteng/west-rand/roodepoort/honey-park/1-glover-rd/T3724769,https://helium.privateproperty.co.za/live-za-images/property/1200/6/8713200/images/property-8713200-40330730_e.jpg
T3724769,https://www.privateproperty.co.za/for-sale/gauteng/west-rand/roodepoort/honey-park/1-glover-rd/T3724769,https://helium.privateproperty.co.za/live-za-images/property/1200/6/8713200/images/property-8713200-21534451_e.jpg
T3724769,https://www.privateproperty.co.za/for-sale/gauteng/west-rand/roodepoort/honey-park/1-glover-rd/T3724769,https://helium.privateproperty.co.za/live-za-images/property/1200/6/8713200/images/property-8713200-12002664_e.jpg
T3724769,https://www.privateproperty.co.za/for-sale/gauteng/west-rand/roodepoort/honey-park/1-glover-rd/T3724769,https://helium.privateproperty.co.za/live-za-images/property/1200/6/8713200/images/property-8713200-20834735_e.jpg
T3724769,https://www.privateproperty.co.za/for-sale/gauteng/west-rand/roodepoort/honey-park/1-glover-rd/T3724769,https://helium.privateproperty.co.za/live-za-images/property/1200/6/8713200/images/property-8713200-96218513_e.jpg
T4494821,https://www.privateproperty.co.za/for-sale/gauteng/johannesburg/fourways-sunninghill-and-lonehill/paulshof/T4494821,https://helium.privateproperty.co.za/live-za-images/property/1060/35/10171060/images/property-10171060-91096513_e.jpg
T4099330,https://www.privateproperty.co.za/for-sale/gauteng/midrand/country-view/128-conebush/14-sonneblom-road/T4099330,https://helium.privateproperty.co.za/live-za-images/property/283/27/9454283/images/property-9454283-83041284_e.jpg
T4466503,https://www.privateproperty.co.za/for-sale/gauteng/johannesburg/fourways-sunninghill-and-lonehill/lonehill/T4466503,https://helium.privateproperty.co.za/live-za-images/property/396/12/10124396/images/property-10124396-13464508_e.jpg
T4385714,https://www.privateproperty.co.za/for-sale/gauteng/west-rand/roodepoort/georginia/T4385714,https://helium.privateproperty.co.za/live-za-images/property/1758/41/9983758/images/property-9983758-63931981_e.jpg
T4084302,https://www.privateproperty.co.za/for-sale/gauteng/johannesburg/sandton-and-bryanston-north/river-club/T4084302,https://helium.privateproperty.co.za/live-za-images/property/525/12/9424525/images/property-9424525-74203409_e.jpg
T4084302,https://www.privateproperty.co.za/for-sale/gauteng/johannesburg/sandton-and-bryanston-north/river-club/T4084302,https://helium.privateproperty.co.za/live-za-images/property/525/12/9424525/images/property-9424525-88475650_e.jpg
T4084302,https://www.privateproperty.co.za/for-sale/gauteng/johannesburg/sandton-and-bryanston-north/river-club/T4084302,https://helium.privateproperty.co.za/live-za-images/property/525/12/9424525/images/property-9424525-67340319_e.jpg
T4084302,https://www.privateproperty.co.za/for-sale/gauteng/johannesburg/sandton-and-bryanston-north/river-club/T4084302,https://helium.privateproperty.co.za/live-za-images/property/525/12/9424525/images/property-9424525-83790407_e.jpg
T4084302,https://www.privateproperty.co.za/for-sale/gauteng/johannesburg/sandton-and-bryanston-north/river-club/T4084302,https://helium.privateproperty.co.za/live-za-images/property/525/12/9424525/images/property-9424525-82244788_e.jpg
T4084302,https://www.privateproperty.co.za/for-sale/gauteng/johannesburg/sandton-and-bryanston-north/river-club/T4084302,https://helium.privateproperty.co.za/live-za-images/property/525/12/9424525/images/property-9424525-44218816_e.jpg
T4084302,https://www.privateproperty.co.za/for-sale/gauteng/johannesburg/sandton-and-bryanston-north/river-club/T4084302,https://helium.privateproperty.co.za/live-za-images/property/525/12/9424525/images/property-9424525-20725154_e.jpg
T4084302,https://www.privateproperty.co.za/for-sale/gauteng/johannesburg/sandton-and-bryanston-north/river-club/T4084302,https://helium.privateproperty.co.za/live-za-images/property/525/12/9424525/images/property-9424525-25986046_e.jpg
T4084302,https://www.privateproperty.co.za/for-sale/gauteng/johannesburg/sandton-and-bryanston-north/river-club/T4084302,https://helium.privateproperty.co.za/live-za-images/property/525/12/9424525/images/property-9424525-14714748_e.jpg
T3724769,https://www.privateproperty.co.za/for-sale/gauteng/west-rand/roodepoort/honey-park/1-glover-rd/T3724769,https://helium.privateproperty.co.za/live-za-images/property/1200/6/8713200/images/property-8713200-41320426_e.jpg
T3724769,https://www.privateproperty.co.za/for-sale/gauteng/west-rand/roodepoort/honey-park/1-glover-rd/T3724769,https://helium.privateproperty.co.za/live-za-images/property/1200/6/8713200/images/property-8713200-96435159_e.jpg
T3724769,https://www.privateproperty.co.za/for-sale/gauteng/west-rand/roodepoort/honey-park/1-glover-rd/T3724769,https://helium.privateproperty.co.za/live-za-images/property/1200/6/8713200/images/property-8713200-42404924_e.jpg
T3724769,https://www.privateproperty.co.za/for-sale/gauteng/west-rand/roodepoort/honey-park/1-glover-rd/T3724769,https://helium.privateproperty.co.za/live-za-images/property/1200/6/8713200/images/property-8713200-96434207_e.jpg
T3724769,https://www.privateproperty.co.za/for-sale/gauteng/west-rand/roodepoort/honey-park/1-glover-rd/T3724769,https://helium.privateproperty.co.za/live-za-images/property/1200/6/8713200/images/property-8713200-13436152_e.jpg
T3724769,https://www.privateproperty.co.za/for-sale/gauteng/west-rand/roodepoort/honey-park/1-glover-rd/T3724769,https://helium.privateproperty.co.za/live-za-images/property/1200/6/8713200/images/property-8713200-29465151_e.jpg
T4494821,https://www.privateproperty.co.za/for-sale/gauteng/johannesburg/fourways-sunninghill-and-lonehill/paulshof/T4494821,https://helium.privateproperty.co.za/live-za-images/property/1060/35/10171060/images/property-10171060-10609888_e.jpg
T4494821,https://www.privateproperty.co.za/for-sale/gauteng/johannesburg/fourways-sunninghill-and-lonehill/paulshof/T4494821,https://helium.privateproperty.co.za/live-za-images/property/1060/35/10171060/images/property-10171060-72772605_e.jpg
T4494821,https://www.privateproperty.co.za/for-sale/gauteng/johannesburg/fourways-sunninghill-and-lonehill/paulshof/T4494821,https://helium.privateproperty.co.za/live-za-images/property/1060/35/10171060/images/property-10171060-71570123_e.jpg
T4494821,https://www.privateproperty.co.za/for-sale/gauteng/johannesburg/fourways-sunninghill-and-lonehill/paulshof/T4494821,https://helium.privateproperty.co.za/live-za-images/property/1060/35/10171060/images/property-10171060-77216919_e.jpg
T4494821,https://www.privateproperty.co.za/for-sale/gauteng/johannesburg/fourways-sunninghill-and-lonehill/paulshof/T4494821,https://helium.privateproperty.co.za/live-za-images/property/1060/35/10171060/images/property-10171060-82125637_e.jpg
T4494821,https://www.privateproperty.co.za/for-sale/gauteng/johannesburg/fourways-sunninghill-and-lonehill/paulshof/T4494821,https://helium.privateproperty.co.za/live-za-images/property/1060/35/10171060/images/property-10171060-57709982_e.jpg
T4494821,https://www.privateproperty.co.za/for-sale/gauteng/johannesburg/fourways-sunninghill-and-lonehill/paulshof/T4494821,https://helium.privateproperty.co.za/live-za-images/property/1060/35/10171060/images/property-10171060-42910685_e.jpg
T4099330,https://www.privateproperty.co.za/for-sale/gauteng/midrand/country-view/128-conebush/14-sonneblom-road/T4099330,https://helium.privateproperty.co.za/live-za-images/property/283/27/9454283/images/property-9454283-54143434_e.jpg
T4099330,https://www.privateproperty.co.za/for-sale/gauteng/midrand/country-view/128-conebush/14-sonneblom-road/T4099330,https://helium.privateproperty.co.za/live-za-images/property/283/27/9454283/images/property-9454283-36711649_e.jpg
T4099330,https://www.privateproperty.co.za/for-sale/gauteng/midrand/country-view/128-conebush/14-sonneblom-road/T4099330,https://helium.privateproperty.co.za/live-za-images/property/283/27/9454283/images/property-9454283-68902912_e.jpg
T4099330,https://www.privateproperty.co.za/for-sale/gauteng/midrand/country-view/128-conebush/14-sonneblom-road/T4099330,https://helium.privateproperty.co.za/live-za-images/property/283/27/9454283/images/property-9454283-33737465_e.jpg
T4099330,https://www.privateproperty.co.za/for-sale/gauteng/midrand/country-view/128-conebush/14-sonneblom-road/T4099330,https://helium.privateproperty.co.za/live-za-images/property/283/27/9454283/images/property-9454283-25643965_e.jpg
T4099330,https://www.privateproperty.co.za/for-sale/gauteng/midrand/country-view/128-conebush/14-sonneblom-road/T4099330,https://helium.privateproperty.co.za/live-za-images/property/283/27/9454283/images/property-9454283-52563583_e.jpg
T4099330,https://www.privateproperty.co.za/for-sale/gauteng/midrand/country-view/128-conebush/14-sonneblom-road/T4099330,https://helium.privateproperty.co.za/live-za-images/property/283/27/9454283/images/property-9454283-58139927_e.jpg
T4099330,https://www.privateproperty.co.za/for-sale/gauteng/midrand/country-view/128-conebush/14-sonneblom-road/T4099330,https://helium.privateproperty.co.za/live-za-images/property/283/27/9454283/images/property-9454283-35357186_e.jpg
T4466503,https://www.privateproperty.co.za/for-sale/gauteng/johannesburg/fourways-sunninghill-and-lonehill/lonehill/T4466503,https://helium.privateproperty.co.za/live-za-images/property/396/12/10124396/images/property-10124396-1339555_e.jpg
T4466503,https://www.privateproperty.co.za/for-sale/gauteng/johannesburg/fourways-sunninghill-and-lonehill/lonehill/T4466503,https://helium.privateproperty.co.za/live-za-images/property/396/12/10124396/images/property-10124396-44341667_e.jpg
T4466503,https://www.privateproperty.co.za/for-sale/gauteng/johannesburg/fourways-sunninghill-and-lonehill/lonehill/T4466503,https://helium.privateproperty.co.za/live-za-images/property/396/12/10124396/images/property-10124396-98588950_e.jpg
T4466503,https://www.privateproperty.co.za/for-sale/gauteng/johannesburg/fourways-sunninghill-and-lonehill/lonehill/T4466503,https://helium.privateproperty.co.za/live-za-images/property/396/12/10124396/images/property-10124396-97388363_e.jpg
T4466503,https://www.privateproperty.co.za/for-sale/gauteng/johannesburg/fourways-sunninghill-and-lonehill/lonehill/T4466503,https://helium.privateproperty.co.za/live-za-images/property/396/12/10124396/images/property-10124396-77921299_e.jpg
T4466503,https://www.privateproperty.co.za/for-sale/gauteng/johannesburg/fourways-sunninghill-and-lonehill/lonehill/T4466503,https://helium.privateproperty.co.za/live-za-images/property/396/12/10124396/images/property-10124396-14282180_e.jpg
T4466503,https://www.privateproperty.co.za/for-sale/gauteng/johannesburg/fourways-sunninghill-and-lonehill/lonehill/T4466503,https://helium.privateproperty.co.za/live-za-images/property/396/12/10124396/images/property-10124396-98984257_e.jpg
T4466503,https://www.privateproperty.co.za/for-sale/gauteng/johannesburg/fourways-sunninghill-and-lonehill/lonehill/T4466503,https://helium.privateproperty.co.za/live-za-images/property/396/12/10124396/images/property-10124396-83891877_e.jpg
T4356136,https://www.privateproperty.co.za/for-sale/gauteng/west-rand/roodepoort/honeydew-manor/0-devion-view/2-saayman-street/T4356136,https://helium.privateproperty.co.za/live-za-images/property/101/14/9928101/images/property-9928101-44001890_e.jpg
T4385714,https://www.privateproperty.co.za/for-sale/gauteng/west-rand/roodepoort/georginia/T4385714,https://helium.privateproperty.co.za/live-za-images/property/1758/41/9983758/images/property-9983758-77168364_e.jpg
T4385714,https://www.privateproperty.co.za/for-sale/gauteng/west-rand/roodepoort/georginia/T4385714,https://helium.privateproperty.co.za/live-za-images/property/1758/41/9983758/images/property-9983758-1897333_e.jpg
T4385714,https://www.privateproperty.co.za/for-sale/gauteng/west-rand/roodepoort/georginia/T4385714,https://helium.privateproperty.co.za/live-za-images/property/1758/41/9983758/images/property-9983758-95229527_e.jpg
T4385714,https://www.privateproperty.co.za/for-sale/gauteng/west-rand/roodepoort/georginia/T4385714,https://helium.privateproperty.co.za/live-za-images/property/1758/41/9983758/images/property-9983758-20081204_e.jpg
T4385714,https://www.privateproperty.co.za/for-sale/gauteng/west-rand/roodepoort/georginia/T4385714,https://helium.privateproperty.co.za/live-za-images/property/1758/41/9983758/images/property-9983758-40805012_e.jpg
T4385714,https://www.privateproperty.co.za/for-sale/gauteng/west-rand/roodepoort/georginia/T4385714,https://helium.privateproperty.co.za/live-za-images/property/1758/41/9983758/images/property-9983758-57370295_e.jpg
T4385714,https://www.privateproperty.co.za/for-sale/gauteng/west-rand/roodepoort/georginia/T4385714,https://helium.privateproperty.co.za/live-za-images/property/1758/41/9983758/images/property-9983758-24216149_e.jpg
T4385714,https://www.privateproperty.co.za/for-sale/gauteng/west-rand/roodepoort/georginia/T4385714,https://helium.privateproperty.co.za/live-za-images/property/1758/41/9983758/images/property-9983758-87235512_e.jpg
T4385714,https://www.privateproperty.co.za/for-sale/gauteng/west-rand/roodepoort/georginia/T4385714,https://helium.privateproperty.co.za/live-za-images/property/1758/41/9983758/images/property-9983758-4086602_e.jpg
T4385714,https://www.privateproperty.co.za/for-sale/gauteng/west-rand/roodepoort/georginia/T4385714,https://helium.privateproperty.co.za/live-za-images/property/1758/41/9983758/images/property-9983758-32185825_e.jpg
T4385714,https://www.privateproperty.co.za/for-sale/gauteng/west-rand/roodepoort/georginia/T4385714,https://helium.privateproperty.co.za/live-za-images/property/1758/41/9983758/images/property-9983758-96110473_e.jpg
T4385714,https://www.privateproperty.co.za/for-sale/gauteng/west-rand/roodepoort/georginia/T4385714,https://helium.privateproperty.co.za/live-za-images/property/1758/41/9983758/images/property-9983758-78579480_e.jpg
T4385714,https://www.privateproperty.co.za/for-sale/gauteng/west-rand/roodepoort/georginia/T4385714,https://helium.privateproperty.co.za/live-za-images/property/1758/41/9983758/images/property-9983758-61559050_e.jpg
T4385714,https://www.privateproperty.co.za/for-sale/gauteng/west-rand/roodepoort/georginia/T4385714,https://helium.privateproperty.co.za/live-za-images/property/1758/41/9983758/images/property-9983758-43113649_e.jpg
T4385714,https://www.privateproperty.co.za/for-sale/gauteng/west-rand/roodepoort/georginia/T4385714,https://helium.privateproperty.co.za/live-za-images/property/1758/41/9983758/images/property-9983758-39311493_e.jpg
T4385714,https://www.privateproperty.co.za/for-sale/gauteng/west-rand/roodepoort/georginia/T4385714,https://helium.privateproperty.co.za/live-za-images/property/1758/41/9983758/images/property-9983758-62349970_e.jpg
T4385714,https://www.privateproperty.co.za/for-sale/gauteng/west-rand/roodepoort/georginia/T4385714,https://helium.privateproperty.co.za/live-za-images/property/1758/41/9983758/images/property-9983758-26618381_e.jpg
T4385714,https://www.privateproperty.co.za/for-sale/gauteng/west-rand/roodepoort/georginia/T4385714,https://helium.privateproperty.co.za/live-za-images/property/1758/41/9983758/images/property-9983758-56581115_e.jpg
T4463955,https://www.privateproperty.co.za/for-sale/gauteng/west-rand/roodepoort/radiokop/085-royal-view/116-amplifier/T4463955,https://helium.privateproperty.co.za/live-za-images/property/1666/9/10119666/images/property-10119666-78516582_e.jpg
T4084302,https://www.privateproperty.co.za/for-sale/gauteng/johannesburg/sandton-and-bryanston-north/river-club/T4084302,https://helium.privateproperty.co.za/live-za-images/property/525/12/9424525/images/property-9424525-92689352_e.jpg
T4084302,https://www.privateproperty.co.za/for-sale/gauteng/johannesburg/sandton-and-bryanston-north/river-club/T4084302,https://helium.privateproperty.co.za/live-za-images/property/525/12/9424525/images/property-9424525-62320273_e.jpg
T4084302,https://www.privateproperty.co.za/for-sale/gauteng/johannesburg/sandton-and-bryanston-north/river-club/T4084302,https://helium.privateproperty.co.za/live-za-images/property/525/12/9424525/images/property-9424525-24640741_e.jpg
T4084302,https://www.privateproperty.co.za/for-sale/gauteng/johannesburg/sandton-and-bryanston-north/river-club/T4084302,https://helium.privateproperty.co.za/live-za-images/property/525/12/9424525/images/property-9424525-52008932_e.jpg
T4084302,https://www.privateproperty.co.za/for-sale/gauteng/johannesburg/sandton-and-bryanston-north/river-club/T4084302,https://helium.privateproperty.co.za/live-za-images/property/525/12/9424525/images/property-9424525-28938165_e.jpg
T4084302,https://www.privateproperty.co.za/for-sale/gauteng/johannesburg/sandton-and-bryanston-north/river-club/T4084302,https://helium.privateproperty.co.za/live-za-images/property/525/12/9424525/images/property-9424525-64487835_e.jpg
T4084302,https://www.privateproperty.co.za/for-sale/gauteng/johannesburg/sandton-and-bryanston-north/river-club/T4084302,https://helium.privateproperty.co.za/live-za-images/property/525/12/9424525/images/property-9424525-18306384_e.jpg
T4084302,https://www.privateproperty.co.za/for-sale/gauteng/johannesburg/sandton-and-bryanston-north/river-club/T4084302,https://helium.privateproperty.co.za/live-za-images/property/525/12/9424525/images/property-9424525-68265416_e.jpg
T4084302,https://www.privateproperty.co.za/for-sale/gauteng/johannesburg/sandton-and-bryanston-north/river-club/T4084302,https://helium.privateproperty.co.za/live-za-images/property/525/12/9424525/images/property-9424525-25086653_e.jpg
T4494821,https://www.privateproperty.co.za/for-sale/gauteng/johannesburg/fourways-sunninghill-and-lonehill/paulshof/T4494821,https://helium.privateproperty.co.za/live-za-images/property/1060/35/10171060/images/property-10171060-95366546_e.jpg
T4494821,https://www.privateproperty.co.za/for-sale/gauteng/johannesburg/fourways-sunninghill-and-lonehill/paulshof/T4494821,https://helium.privateproperty.co.za/live-za-images/property/1060/35/10171060/images/property-10171060-41074650_e.jpg
T4494821,https://www.privateproperty.co.za/for-sale/gauteng/johannesburg/fourways-sunninghill-and-lonehill/paulshof/T4494821,https://helium.privateproperty.co.za/live-za-images/property/1060/35/10171060/images/property-10171060-42170807_e.jpg
T4494821,https://www.privateproperty.co.za/for-sale/gauteng/johannesburg/fourways-sunninghill-and-lonehill/paulshof/T4494821,https://helium.privateproperty.co.za/live-za-images/property/1060/35/10171060/images/property-10171060-53383887_e.jpg
T4494821,https://www.privateproperty.co.za/for-sale/gauteng/johannesburg/fourways-sunninghill-and-lonehill/paulshof/T4494821,https://helium.privateproperty.co.za/live-za-images/property/1060/35/10171060/images/property-10171060-52450225_e.jpg
T4494821,https://www.privateproperty.co.za/for-sale/gauteng/johannesburg/fourways-sunninghill-and-lonehill/paulshof/T4494821,https://helium.privateproperty.co.za/live-za-images/property/1060/35/10171060/images/property-10171060-90457954_e.jpg
T4494821,https://www.privateproperty.co.za/for-sale/gauteng/johannesburg/fourways-sunninghill-and-lonehill/paulshof/T4494821,https://helium.privateproperty.co.za/live-za-images/property/1060/35/10171060/images/property-10171060-93623576_e.jpg
T4494821,https://www.privateproperty.co.za/for-sale/gauteng/johannesburg/fourways-sunninghill-and-lonehill/paulshof/T4494821,https://helium.privateproperty.co.za/live-za-images/property/1060/35/10171060/images/property-10171060-63770685_e.jpg
T4494821,https://www.privateproperty.co.za/for-sale/gauteng/johannesburg/fourways-sunninghill-and-lonehill/paulshof/T4494821,https://helium.privateproperty.co.za/live-za-images/property/1060/35/10171060/images/property-10171060-825455_e.jpg
T4099330,https://www.privateproperty.co.za/for-sale/gauteng/midrand/country-view/128-conebush/14-sonneblom-road/T4099330,https://helium.privateproperty.co.za/live-za-images/property/283/27/9454283/images/property-9454283-70906780_e.jpg
T4099330,https://www.privateproperty.co.za/for-sale/gauteng/midrand/country-view/128-conebush/14-sonneblom-road/T4099330,https://helium.privateproperty.co.za/live-za-images/property/283/27/9454283/images/property-9454283-90708609_e.jpg
T4099330,https://www.privateproperty.co.za/for-sale/gauteng/midrand/country-view/128-conebush/14-sonneblom-road/T4099330,https://helium.privateproperty.co.za/live-za-images/property/283/27/9454283/images/property-9454283-56769983_e.jpg
T4466503,https://www.privateproperty.co.za/for-sale/gauteng/johannesburg/fourways-sunninghill-and-lonehill/lonehill/T4466503,https://helium.privateproperty.co.za/live-za-images/property/396/12/10124396/images/property-10124396-46155111_e.jpg
T4466503,https://www.privateproperty.co.za/for-sale/gauteng/johannesburg/fourways-sunninghill-and-lonehill/lonehill/T4466503,https://helium.privateproperty.co.za/live-za-images/property/396/12/10124396/images/property-10124396-61103647_e.jpg
T4466503,https://www.privateproperty.co.za/for-sale/gauteng/johannesburg/fourways-sunninghill-and-lonehill/lonehill/T4466503,https://helium.privateproperty.co.za/live-za-images/property/396/12/10124396/images/property-10124396-54129006_e.jpg
T4466503,https://www.privateproperty.co.za/for-sale/gauteng/johannesburg/fourways-sunninghill-and-lonehill/lonehill/T4466503,https://helium.privateproperty.co.za/live-za-images/property/396/12/10124396/images/property-10124396-88164463_e.jpg
T4466503,https://www.privateproperty.co.za/for-sale/gauteng/johannesburg/fourways-sunninghill-and-lonehill/lonehill/T4466503,https://helium.privateproperty.co.za/live-za-images/property/396/12/10124396/images/property-10124396-28270078_e.jpg
T4466503,https://www.privateproperty.co.za/for-sale/gauteng/johannesburg/fourways-sunninghill-and-lonehill/lonehill/T4466503,https://helium.privateproperty.co.za/live-za-images/property/396/12/10124396/images/property-10124396-3011100_e.jpg
T4466503,https://www.privateproperty.co.za/for-sale/gauteng/johannesburg/fourways-sunninghill-and-lonehill/lonehill/T4466503,https://helium.privateproperty.co.za/live-za-images/property/396/12/10124396/images/property-10124396-58678368_e.jpg
T4466503,https://www.privateproperty.co.za/for-sale/gauteng/johannesburg/fourways-sunninghill-and-lonehill/lonehill/T4466503,https://helium.privateproperty.co.za/live-za-images/property/396/12/10124396/images/property-10124396-96344654_e.jpg
T4356136,https://www.privateproperty.co.za/for-sale/gauteng/west-rand/roodepoort/honeydew-manor/0-devion-view/2-saayman-street/T4356136,https://helium.privateproperty.co.za/live-za-images/property/101/14/9928101/images/property-9928101-60810347_e.jpg
T4356136,https://www.privateproperty.co.za/for-sale/gauteng/west-rand/roodepoort/honeydew-manor/0-devion-view/2-saayman-street/T4356136,https://helium.privateproperty.co.za/live-za-images/property/101/14/9928101/images/property-9928101-88481347_e.jpg
T4356136,https://www.privateproperty.co.za/for-sale/gauteng/west-rand/roodepoort/honeydew-manor/0-devion-view/2-saayman-street/T4356136,https://helium.privateproperty.co.za/live-za-images/property/101/14/9928101/images/property-9928101-84009009_e.jpg
T4356136,https://www.privateproperty.co.za/for-sale/gauteng/west-rand/roodepoort/honeydew-manor/0-devion-view/2-saayman-street/T4356136,https://helium.privateproperty.co.za/live-za-images/property/101/14/9928101/images/property-9928101-11105203_e.jpg
T4356136,https://www.privateproperty.co.za/for-sale/gauteng/west-rand/roodepoort/honeydew-manor/0-devion-view/2-saayman-street/T4356136,https://helium.privateproperty.co.za/live-za-images/property/101/14/9928101/images/property-9928101-98929417_e.jpg
T4356136,https://www.privateproperty.co.za/for-sale/gauteng/west-rand/roodepoort/honeydew-manor/0-devion-view/2-saayman-street/T4356136,https://helium.privateproperty.co.za/live-za-images/property/101/14/9928101/images/property-9928101-78327319_e.jpg
T4356136,https://www.privateproperty.co.za/for-sale/gauteng/west-rand/roodepoort/honeydew-manor/0-devion-view/2-saayman-street/T4356136,https://helium.privateproperty.co.za/live-za-images/property/101/14/9928101/images/property-9928101-83683125_e.jpg
T4356136,https://www.privateproperty.co.za/for-sale/gauteng/west-rand/roodepoort/honeydew-manor/0-devion-view/2-saayman-street/T4356136,https://helium.privateproperty.co.za/live-za-images/property/101/14/9928101/images/property-9928101-91259288_e.jpg
T4356136,https://www.privateproperty.co.za/for-sale/gauteng/west-rand/roodepoort/honeydew-manor/0-devion-view/2-saayman-street/T4356136,https://helium.privateproperty.co.za/live-za-images/property/101/14/9928101/images/property-9928101-26700293_e.jpg
T4356136,https://www.privateproperty.co.za/for-sale/gauteng/west-rand/roodepoort/honeydew-manor/0-devion-view/2-saayman-street/T4356136,https://helium.privateproperty.co.za/live-za-images/property/101/14/9928101/images/property-9928101-43546250_e.jpg
T4463955,https://www.privateproperty.co.za/for-sale/gauteng/west-rand/roodepoort/radiokop/085-royal-view/116-amplifier/T4463955,https://helium.privateproperty.co.za/live-za-images/property/1666/9/10119666/images/property-10119666-54558435_e.jpg
T4463955,https://www.privateproperty.co.za/for-sale/gauteng/west-rand/roodepoort/radiokop/085-royal-view/116-amplifier/T4463955,https://helium.privateproperty.co.za/live-za-images/property/1666/9/10119666/images/property-10119666-98118691_e.jpg
T4463955,https://www.privateproperty.co.za/for-sale/gauteng/west-rand/roodepoort/radiokop/085-royal-view/116-amplifier/T4463955,https://helium.privateproperty.co.za/live-za-images/property/1666/9/10119666/images/property-10119666-53209181_e.jpg
T4463955,https://www.privateproperty.co.za/for-sale/gauteng/west-rand/roodepoort/radiokop/085-royal-view/116-amplifier/T4463955,https://helium.privateproperty.co.za/live-za-images/property/1666/9/10119666/images/property-10119666-80643631_e.jpg
T4463955,https://www.privateproperty.co.za/for-sale/gauteng/west-rand/roodepoort/radiokop/085-royal-view/116-amplifier/T4463955,https://helium.privateproperty.co.za/live-za-images/property/1666/9/10119666/images/property-10119666-63783551_e.jpg
T4463955,https://www.privateproperty.co.za/for-sale/gauteng/west-rand/roodepoort/radiokop/085-royal-view/116-amplifier/T4463955,https://helium.privateproperty.co.za/live-za-images/property/1666/9/10119666/images/property-10119666-2171617_e.jpg
T4463955,https://www.privateproperty.co.za/for-sale/gauteng/west-rand/roodepoort/radiokop/085-royal-view/116-amplifier/T4463955,https://helium.privateproperty.co.za/live-za-images/property/1666/9/10119666/images/property-10119666-61527823_e.jpg
T4463955,https://www.privateproperty.co.za/for-sale/gauteng/west-rand/roodepoort/radiokop/085-royal-view/116-amplifier/T4463955,https://helium.privateproperty.co.za/live-za-images/property/1666/9/10119666/images/property-10119666-84155472_e.jpg
T4463955,https://www.privateproperty.co.za/for-sale/gauteng/west-rand/roodepoort/radiokop/085-royal-view/116-amplifier/T4463955,https://helium.privateproperty.co.za/live-za-images/property/1666/9/10119666/images/property-10119666-44329998_e.jpg
T4463955,https://www.privateproperty.co.za/for-sale/gauteng/west-rand/roodepoort/radiokop/085-royal-view/116-amplifier/T4463955,https://helium.privateproperty.co.za/live-za-images/property/1666/9/10119666/images/property-10119666-78151514_e.jpg
T4084302,https://www.privateproperty.co.za/for-sale/gauteng/johannesburg/sandton-and-bryanston-north/river-club/T4084302,https://helium.privateproperty.co.za/live-za-images/property/525/12/9424525/images/property-9424525-3009960_e.jpg
T4084302,https://www.privateproperty.co.za/for-sale/gauteng/johannesburg/sandton-and-bryanston-north/river-club/T4084302,https://helium.privateproperty.co.za/live-za-images/property/525/12/9424525/images/property-9424525-47074135_e.jpg
T4084302,https://www.privateproperty.co.za/for-sale/gauteng/johannesburg/sandton-and-bryanston-north/river-club/T4084302,https://helium.privateproperty.co.za/live-za-images/property/525/12/9424525/images/property-9424525-75270926_e.jpg
T4084302,https://www.privateproperty.co.za/for-sale/gauteng/johannesburg/sandton-and-bryanston-north/river-club/T4084302,https://helium.privateproperty.co.za/live-za-images/property/525/12/9424525/images/property-9424525-68770637_e.jpg
T4084302,https://www.privateproperty.co.za/for-sale/gauteng/johannesburg/sandton-and-bryanston-north/river-club/T4084302,https://helium.privateproperty.co.za/live-za-images/property/525/12/9424525/images/property-9424525-61793975_e.jpg
T4084302,https://www.privateproperty.co.za/for-sale/gauteng/johannesburg/sandton-and-bryanston-north/river-club/T4084302,https://helium.privateproperty.co.za/live-za-images/property/525/12/9424525/images/property-9424525-28503897_e.jpg
T4084302,https://www.privateproperty.co.za/for-sale/gauteng/johannesburg/sandton-and-bryanston-north/river-club/T4084302,https://helium.privateproperty.co.za/live-za-images/property/525/12/9424525/images/property-9424525-3458228_e.jpg
T4084302,https://www.privateproperty.co.za/for-sale/gauteng/johannesburg/sandton-and-bryanston-north/river-club/T4084302,https://helium.privateproperty.co.za/live-za-images/property/525/12/9424525/images/property-9424525-5336992_e.jpg
T4084302,https://www.privateproperty.co.za/for-sale/gauteng/johannesburg/sandton-and-bryanston-north/river-club/T4084302,https://helium.privateproperty.co.za/live-za-images/property/525/12/9424525/images/property-9424525-36461629_e.jpg
T4084302,https://www.privateproperty.co.za/for-sale/gauteng/johannesburg/sandton-and-bryanston-north/river-club/T4084302,https://helium.privateproperty.co.za/live-za-images/property/525/12/9424525/images/property-9424525-30422234_e.jpg
T4356136,https://www.privateproperty.co.za/for-sale/gauteng/west-rand/roodepoort/honeydew-manor/0-devion-view/2-saayman-street/T4356136,https://helium.privateproperty.co.za/live-za-images/property/101/14/9928101/images/property-9928101-73150811_e.jpg
T4356136,https://www.privateproperty.co.za/for-sale/gauteng/west-rand/roodepoort/honeydew-manor/0-devion-view/2-saayman-street/T4356136,https://helium.privateproperty.co.za/live-za-images/property/101/14/9928101/images/property-9928101-41849373_e.jpg
T4356136,https://www.privateproperty.co.za/for-sale/gauteng/west-rand/roodepoort/honeydew-manor/0-devion-view/2-saayman-street/T4356136,https://helium.privateproperty.co.za/live-za-images/property/101/14/9928101/images/property-9928101-11421546_e.jpg
T4356136,https://www.privateproperty.co.za/for-sale/gauteng/west-rand/roodepoort/honeydew-manor/0-devion-view/2-saayman-street/T4356136,https://helium.privateproperty.co.za/live-za-images/property/101/14/9928101/images/property-9928101-36125471_e.jpg
T4356136,https://www.privateproperty.co.za/for-sale/gauteng/west-rand/roodepoort/honeydew-manor/0-devion-view/2-saayman-street/T4356136,https://helium.privateproperty.co.za/live-za-images/property/101/14/9928101/images/property-9928101-2717438_e.jpg
T4356136,https://www.privateproperty.co.za/for-sale/gauteng/west-rand/roodepoort/honeydew-manor/0-devion-view/2-saayman-street/T4356136,https://helium.privateproperty.co.za/live-za-images/property/101/14/9928101/images/property-9928101-99012233_e.jpg
T4356136,https://www.privateproperty.co.za/for-sale/gauteng/west-rand/roodepoort/honeydew-manor/0-devion-view/2-saayman-street/T4356136,https://helium.privateproperty.co.za/live-za-images/property/101/14/9928101/images/property-9928101-71493213_e.jpg
T4356136,https://www.privateproperty.co.za/for-sale/gauteng/west-rand/roodepoort/honeydew-manor/0-devion-view/2-saayman-street/T4356136,https://helium.privateproperty.co.za/live-za-images/property/101/14/9928101/images/property-9928101-88421290_e.jpg
T4422224,https://www.privateproperty.co.za/for-sale/gauteng/west-rand/roodepoort/strubens-valley/976-sovereign-rd/T4422224,https://helium.privateproperty.co.za/live-za-images/property/1683/23/10047683/images/property-10047683-46429935_e.jpg
T4403968,https://www.privateproperty.co.za/for-sale/gauteng/west-rand/roodepoort/wilgeheuwel/9-sjampanje-st/T4403968,https://helium.privateproperty.co.za/live-za-images/property/748/8/10016748/images/property-10016748-20643016_e.jpg
T4463955,https://www.privateproperty.co.za/for-sale/gauteng/west-rand/roodepoort/radiokop/085-royal-view/116-amplifier/T4463955,https://helium.privateproperty.co.za/live-za-images/property/1666/9/10119666/images/property-10119666-89914102_e.jpg
T4463955,https://www.privateproperty.co.za/for-sale/gauteng/west-rand/roodepoort/radiokop/085-royal-view/116-amplifier/T4463955,https://helium.privateproperty.co.za/live-za-images/property/1666/9/10119666/images/property-10119666-50426936_e.jpg
T4463955,https://www.privateproperty.co.za/for-sale/gauteng/west-rand/roodepoort/radiokop/085-royal-view/116-amplifier/T4463955,https://helium.privateproperty.co.za/live-za-images/property/1666/9/10119666/images/property-10119666-56132808_e.jpg
T4463955,https://www.privateproperty.co.za/for-sale/gauteng/west-rand/roodepoort/radiokop/085-royal-view/116-amplifier/T4463955,https://helium.privateproperty.co.za/live-za-images/property/1666/9/10119666/images/property-10119666-75383747_e.jpg
T4463955,https://www.privateproperty.co.za/for-sale/gauteng/west-rand/roodepoort/radiokop/085-royal-view/116-amplifier/T4463955,https://helium.privateproperty.co.za/live-za-images/property/1666/9/10119666/images/property-10119666-74552561_e.jpg
T4463955,https://www.privateproperty.co.za/for-sale/gauteng/west-rand/roodepoort/radiokop/085-royal-view/116-amplifier/T4463955,https://helium.privateproperty.co.za/live-za-images/property/1666/9/10119666/images/property-10119666-92717586_e.jpg
T4463955,https://www.privateproperty.co.za/for-sale/gauteng/west-rand/roodepoort/radiokop/085-royal-view/116-amplifier/T4463955,https://helium.privateproperty.co.za/live-za-images/property/1666/9/10119666/images/property-10119666-42013931_e.jpg
T4463955,https://www.privateproperty.co.za/for-sale/gauteng/west-rand/roodepoort/radiokop/085-royal-view/116-amplifier/T4463955,https://helium.privateproperty.co.za/live-za-images/property/1666/9/10119666/images/property-10119666-15625106_e.jpg
T4463955,https://www.privateproperty.co.za/for-sale/gauteng/west-rand/roodepoort/radiokop/085-royal-view/116-amplifier/T4463955,https://helium.privateproperty.co.za/live-za-images/property/1666/9/10119666/images/property-10119666-35666255_e.jpg
T4463955,https://www.privateproperty.co.za/for-sale/gauteng/west-rand/roodepoort/radiokop/085-royal-view/116-amplifier/T4463955,https://helium.privateproperty.co.za/live-za-images/property/1666/9/10119666/images/property-10119666-23344527_e.jpg
T4084302,https://www.privateproperty.co.za/for-sale/gauteng/johannesburg/sandton-and-bryanston-north/river-club/T4084302,https://helium.privateproperty.co.za/live-za-images/property/525/12/9424525/images/property-9424525-52427687_e.jpg
T4422224,https://www.privateproperty.co.za/for-sale/gauteng/west-rand/roodepoort/strubens-valley/976-sovereign-rd/T4422224,https://helium.privateproperty.co.za/live-za-images/property/1683/23/10047683/images/property-10047683-621191_e.jpg
T4422224,https://www.privateproperty.co.za/for-sale/gauteng/west-rand/roodepoort/strubens-valley/976-sovereign-rd/T4422224,https://helium.privateproperty.co.za/live-za-images/property/1683/23/10047683/images/property-10047683-78845868_e.jpg
T4422224,https://www.privateproperty.co.za/for-sale/gauteng/west-rand/roodepoort/strubens-valley/976-sovereign-rd/T4422224,https://helium.privateproperty.co.za/live-za-images/property/1683/23/10047683/images/property-10047683-78346361_e.jpg
T4422224,https://www.privateproperty.co.za/for-sale/gauteng/west-rand/roodepoort/strubens-valley/976-sovereign-rd/T4422224,https://helium.privateproperty.co.za/live-za-images/property/1683/23/10047683/images/property-10047683-29826044_e.jpg
T4422224,https://www.privateproperty.co.za/for-sale/gauteng/west-rand/roodepoort/strubens-valley/976-sovereign-rd/T4422224,https://helium.privateproperty.co.za/live-za-images/property/1683/23/10047683/images/property-10047683-96171523_e.jpg
T4422224,https://www.privateproperty.co.za/for-sale/gauteng/west-rand/roodepoort/strubens-valley/976-sovereign-rd/T4422224,https://helium.privateproperty.co.za/live-za-images/property/1683/23/10047683/images/property-10047683-23129352_e.jpg
T4422224,https://www.privateproperty.co.za/for-sale/gauteng/west-rand/roodepoort/strubens-valley/976-sovereign-rd/T4422224,https://helium.privateproperty.co.za/live-za-images/property/1683/23/10047683/images/property-10047683-69977676_e.jpg
T4422224,https://www.privateproperty.co.za/for-sale/gauteng/west-rand/roodepoort/strubens-valley/976-sovereign-rd/T4422224,https://helium.privateproperty.co.za/live-za-images/property/1683/23/10047683/images/property-10047683-30247658_e.jpg
T4422224,https://www.privateproperty.co.za/for-sale/gauteng/west-rand/roodepoort/strubens-valley/976-sovereign-rd/T4422224,https://helium.privateproperty.co.za/live-za-images/property/1683/23/10047683/images/property-10047683-61453273_e.jpg
T4422224,https://www.privateproperty.co.za/for-sale/gauteng/west-rand/roodepoort/strubens-valley/976-sovereign-rd/T4422224,https://helium.privateproperty.co.za/live-za-images/property/1683/23/10047683/images/property-10047683-85198941_e.jpg
T4422224,https://www.privateproperty.co.za/for-sale/gauteng/west-rand/roodepoort/strubens-valley/976-sovereign-rd/T4422224,https://helium.privateproperty.co.za/live-za-images/property/1683/23/10047683/images/property-10047683-48176036_e.jpg
T4422224,https://www.privateproperty.co.za/for-sale/gauteng/west-rand/roodepoort/strubens-valley/976-sovereign-rd/T4422224,https://helium.privateproperty.co.za/live-za-images/property/1683/23/10047683/images/property-10047683-39615370_e.jpg
T4422224,https://www.privateproperty.co.za/for-sale/gauteng/west-rand/roodepoort/strubens-valley/976-sovereign-rd/T4422224,https://helium.privateproperty.co.za/live-za-images/property/1683/23/10047683/images/property-10047683-10715560_e.jpg
T4422224,https://www.privateproperty.co.za/for-sale/gauteng/west-rand/roodepoort/strubens-valley/976-sovereign-rd/T4422224,https://helium.privateproperty.co.za/live-za-images/property/1683/23/10047683/images/property-10047683-75974044_e.jpg
T4422224,https://www.privateproperty.co.za/for-sale/gauteng/west-rand/roodepoort/strubens-valley/976-sovereign-rd/T4422224,https://helium.privateproperty.co.za/live-za-images/property/1683/23/10047683/images/property-10047683-44173022_e.jpg
T4422224,https://www.privateproperty.co.za/for-sale/gauteng/west-rand/roodepoort/strubens-valley/976-sovereign-rd/T4422224,https://helium.privateproperty.co.za/live-za-images/property/1683/23/10047683/images/property-10047683-34353125_e.jpg
T4422224,https://www.privateproperty.co.za/for-sale/gauteng/west-rand/roodepoort/strubens-valley/976-sovereign-rd/T4422224,https://helium.privateproperty.co.za/live-za-images/property/1683/23/10047683/images/property-10047683-92164814_e.jpg
T4422224,https://www.privateproperty.co.za/for-sale/gauteng/west-rand/roodepoort/strubens-valley/976-sovereign-rd/T4422224,https://helium.privateproperty.co.za/live-za-images/property/1683/23/10047683/images/property-10047683-85095318_e.jpg
T4422224,https://www.privateproperty.co.za/for-sale/gauteng/west-rand/roodepoort/strubens-valley/976-sovereign-rd/T4422224,https://helium.privateproperty.co.za/live-za-images/property/1683/23/10047683/images/property-10047683-78682713_e.jpg
T4422224,https://www.privateproperty.co.za/for-sale/gauteng/west-rand/roodepoort/strubens-valley/976-sovereign-rd/T4422224,https://helium.privateproperty.co.za/live-za-images/property/1683/23/10047683/images/property-10047683-30629235_e.jpg
T4422224,https://www.privateproperty.co.za/for-sale/gauteng/west-rand/roodepoort/strubens-valley/976-sovereign-rd/T4422224,https://helium.privateproperty.co.za/live-za-images/property/1683/23/10047683/images/property-10047683-4501644_e.jpg
T4403968,https://www.privateproperty.co.za/for-sale/gauteng/west-rand/roodepoort/wilgeheuwel/9-sjampanje-st/T4403968,https://helium.privateproperty.co.za/live-za-images/property/748/8/10016748/images/property-10016748-26020931_e.jpg
T4403968,https://www.privateproperty.co.za/for-sale/gauteng/west-rand/roodepoort/wilgeheuwel/9-sjampanje-st/T4403968,https://helium.privateproperty.co.za/live-za-images/property/748/8/10016748/images/property-10016748-43161172_e.jpg
T4403968,https://www.privateproperty.co.za/for-sale/gauteng/west-rand/roodepoort/wilgeheuwel/9-sjampanje-st/T4403968,https://helium.privateproperty.co.za/live-za-images/property/748/8/10016748/images/property-10016748-14212198_e.jpg
T4403968,https://www.privateproperty.co.za/for-sale/gauteng/west-rand/roodepoort/wilgeheuwel/9-sjampanje-st/T4403968,https://helium.privateproperty.co.za/live-za-images/property/748/8/10016748/images/property-10016748-77089474_e.jpg
T4403968,https://www.privateproperty.co.za/for-sale/gauteng/west-rand/roodepoort/wilgeheuwel/9-sjampanje-st/T4403968,https://helium.privateproperty.co.za/live-za-images/property/748/8/10016748/images/property-10016748-72020536_e.jpg
T4403968,https://www.privateproperty.co.za/for-sale/gauteng/west-rand/roodepoort/wilgeheuwel/9-sjampanje-st/T4403968,https://helium.privateproperty.co.za/live-za-images/property/748/8/10016748/images/property-10016748-8423701_e.jpg
T4403968,https://www.privateproperty.co.za/for-sale/gauteng/west-rand/roodepoort/wilgeheuwel/9-sjampanje-st/T4403968,https://helium.privateproperty.co.za/live-za-images/property/748/8/10016748/images/property-10016748-75024925_e.jpg
T4403968,https://www.privateproperty.co.za/for-sale/gauteng/west-rand/roodepoort/wilgeheuwel/9-sjampanje-st/T4403968,https://helium.privateproperty.co.za/live-za-images/property/748/8/10016748/images/property-10016748-16816847_e.jpg
T4403968,https://www.privateproperty.co.za/for-sale/gauteng/west-rand/roodepoort/wilgeheuwel/9-sjampanje-st/T4403968,https://helium.privateproperty.co.za/live-za-images/property/748/8/10016748/images/property-10016748-70649039_e.jpg
T4403968,https://www.privateproperty.co.za/for-sale/gauteng/west-rand/roodepoort/wilgeheuwel/9-sjampanje-st/T4403968,https://helium.privateproperty.co.za/live-za-images/property/748/8/10016748/images/property-10016748-86501706_e.jpg
T4403968,https://www.privateproperty.co.za/for-sale/gauteng/west-rand/roodepoort/wilgeheuwel/9-sjampanje-st/T4403968,https://helium.privateproperty.co.za/live-za-images/property/748/8/10016748/images/property-10016748-6953706_e.jpg
T4403968,https://www.privateproperty.co.za/for-sale/gauteng/west-rand/roodepoort/wilgeheuwel/9-sjampanje-st/T4403968,https://helium.privateproperty.co.za/live-za-images/property/748/8/10016748/images/property-10016748-52417755_e.jpg
T4403968,https://www.privateproperty.co.za/for-sale/gauteng/west-rand/roodepoort/wilgeheuwel/9-sjampanje-st/T4403968,https://helium.privateproperty.co.za/live-za-images/property/748/8/10016748/images/property-10016748-27747389_e.jpg
T4403968,https://www.privateproperty.co.za/for-sale/gauteng/west-rand/roodepoort/wilgeheuwel/9-sjampanje-st/T4403968,https://helium.privateproperty.co.za/live-za-images/property/748/8/10016748/images/property-10016748-2369953_e.jpg
T4403968,https://www.privateproperty.co.za/for-sale/gauteng/west-rand/roodepoort/wilgeheuwel/9-sjampanje-st/T4403968,https://helium.privateproperty.co.za/live-za-images/property/748/8/10016748/images/property-10016748-8355777_e.jpg
T4403968,https://www.privateproperty.co.za/for-sale/gauteng/west-rand/roodepoort/wilgeheuwel/9-sjampanje-st/T4403968,https://helium.privateproperty.co.za/live-za-images/property/748/8/10016748/images/property-10016748-3028538_e.jpg
T4403968,https://www.privateproperty.co.za/for-sale/gauteng/west-rand/roodepoort/wilgeheuwel/9-sjampanje-st/T4403968,https://helium.privateproperty.co.za/live-za-images/property/748/8/10016748/images/property-10016748-28390935_e.jpg
T4403968,https://www.privateproperty.co.za/for-sale/gauteng/west-rand/roodepoort/wilgeheuwel/9-sjampanje-st/T4403968,https://helium.privateproperty.co.za/live-za-images/property/748/8/10016748/images/property-10016748-72889817_e.jpg
T4403968,https://www.privateproperty.co.za/for-sale/gauteng/west-rand/roodepoort/wilgeheuwel/9-sjampanje-st/T4403968,https://helium.privateproperty.co.za/live-za-images/property/748/8/10016748/images/property-10016748-72415122_e.jpg
T4403968,https://www.privateproperty.co.za/for-sale/gauteng/west-rand/roodepoort/wilgeheuwel/9-sjampanje-st/T4403968,https://helium.privateproperty.co.za/live-za-images/property/748/8/10016748/images/property-10016748-97454488_e.jpg
T4422224,https://www.privateproperty.co.za/for-sale/gauteng/west-rand/roodepoort/strubens-valley/976-sovereign-rd/T4422224,https://helium.privateproperty.co.za/live-za-images/property/1683/23/10047683/images/property-10047683-56118420_e.jpg
T4422224,https://www.privateproperty.co.za/for-sale/gauteng/west-rand/roodepoort/strubens-valley/976-sovereign-rd/T4422224,https://helium.privateproperty.co.za/live-za-images/property/1683/23/10047683/images/property-10047683-93121484_e.jpg
T4422224,https://www.privateproperty.co.za/for-sale/gauteng/west-rand/roodepoort/strubens-valley/976-sovereign-rd/T4422224,https://helium.privateproperty.co.za/live-za-images/property/1683/23/10047683/images/property-10047683-69586624_e.jpg
T4422224,https://www.privateproperty.co.za/for-sale/gauteng/west-rand/roodepoort/strubens-valley/976-sovereign-rd/T4422224,https://helium.privateproperty.co.za/live-za-images/property/1683/23/10047683/images/property-10047683-63529948_e.jpg
T4422224,https://www.privateproperty.co.za/for-sale/gauteng/west-rand/roodepoort/strubens-valley/976-sovereign-rd/T4422224,https://helium.privateproperty.co.za/live-za-images/property/1683/23/10047683/images/property-10047683-60508478_e.jpg
T4422224,https://www.privateproperty.co.za/for-sale/gauteng/west-rand/roodepoort/strubens-valley/976-sovereign-rd/T4422224,https://helium.privateproperty.co.za/live-za-images/property/1683/23/10047683/images/property-10047683-62103722_e.jpg
T4422224,https://www.privateproperty.co.za/for-sale/gauteng/west-rand/roodepoort/strubens-valley/976-sovereign-rd/T4422224,https://helium.privateproperty.co.za/live-za-images/property/1683/23/10047683/images/property-10047683-7016950_e.jpg
T4422224,https://www.privateproperty.co.za/for-sale/gauteng/west-rand/roodepoort/strubens-valley/976-sovereign-rd/T4422224,https://helium.privateproperty.co.za/live-za-images/property/1683/23/10047683/images/property-10047683-33406714_e.jpg
T4403968,https://www.privateproperty.co.za/for-sale/gauteng/west-rand/roodepoort/wilgeheuwel/9-sjampanje-st/T4403968,https://helium.privateproperty.co.za/live-za-images/property/748/8/10016748/images/property-10016748-83385631_e.jpg
T4403968,https://www.privateproperty.co.za/for-sale/gauteng/west-rand/roodepoort/wilgeheuwel/9-sjampanje-st/T4403968,https://helium.privateproperty.co.za/live-za-images/property/748/8/10016748/images/property-10016748-4560209_e.jpg
T4403968,https://www.privateproperty.co.za/for-sale/gauteng/west-rand/roodepoort/wilgeheuwel/9-sjampanje-st/T4403968,https://helium.privateproperty.co.za/live-za-images/property/748/8/10016748/images/property-10016748-45018871_e.jpg
T4403968,https://www.privateproperty.co.za/for-sale/gauteng/west-rand/roodepoort/wilgeheuwel/9-sjampanje-st/T4403968,https://helium.privateproperty.co.za/live-za-images/property/748/8/10016748/images/property-10016748-39640603_e.jpg
T4403968,https://www.privateproperty.co.za/for-sale/gauteng/west-rand/roodepoort/wilgeheuwel/9-sjampanje-st/T4403968,https://helium.privateproperty.co.za/live-za-images/property/748/8/10016748/images/property-10016748-83407061_e.jpg
T4403968,https://www.privateproperty.co.za/for-sale/gauteng/west-rand/roodepoort/wilgeheuwel/9-sjampanje-st/T4403968,https://helium.privateproperty.co.za/live-za-images/property/748/8/10016748/images/property-10016748-31354536_e.jpg
T4403968,https://www.privateproperty.co.za/for-sale/gauteng/west-rand/roodepoort/wilgeheuwel/9-sjampanje-st/T4403968,https://helium.privateproperty.co.za/live-za-images/property/748/8/10016748/images/property-10016748-69318842_e.jpg
T4403968,https://www.privateproperty.co.za/for-sale/gauteng/west-rand/roodepoort/wilgeheuwel/9-sjampanje-st/T4403968,https://helium.privateproperty.co.za/live-za-images/property/748/8/10016748/images/property-10016748-84184689_e.jpg
T4403968,https://www.privateproperty.co.za/for-sale/gauteng/west-rand/roodepoort/wilgeheuwel/9-sjampanje-st/T4403968,https://helium.privateproperty.co.za/live-za-images/property/748/8/10016748/images/property-10016748-41592236_e.jpg
