,Link,Count
0,https://www.privateproperty.co.za/for-sale/gauteng/johannesburg/bedfordview/41?tp=2000000,41
1,https://www.privateproperty.co.za/for-sale/gauteng/johannesburg/bedfordview/41?tp=2000000,41
2,https://www.privateproperty.co.za/for-sale/gauteng/johannesburg/bedfordview/41?tp=2000000,41
3,https://www.privateproperty.co.za/for-sale/gauteng/johannesburg/bedfordview/41?tp=2000000,41
4,https://www.privateproperty.co.za/for-sale/gauteng/johannesburg/bedfordview/41?tp=2000000,41
5,https://www.privateproperty.co.za/for-sale/gauteng/johannesburg/bedfordview/41?tp=2000000,41
6,https://www.privateproperty.co.za/for-sale/gauteng/johannesburg/bedfordview/41?tp=2000000,41
7,https://www.privateproperty.co.za/for-sale/gauteng/johannesburg/bedfordview/41?tp=2000000,41
8,https://www.privateproperty.co.za/for-sale/gauteng/johannesburg/bedfordview/41?tp=2000000,41
9,https://www.privateproperty.co.za/for-sale/gauteng/johannesburg/bedfordview/41?tp=2000000,41
10,https://www.privateproperty.co.za/for-sale/gauteng/johannesburg/bedfordview/41?tp=2000000,41
11,https://www.privateproperty.co.za/for-sale/gauteng/johannesburg/bedfordview/41?tp=2000000,41
12,https://www.privateproperty.co.za/for-sale/gauteng/johannesburg/bedfordview/41?tp=2000000,41
13,https://www.privateproperty.co.za/for-sale/gauteng/johannesburg/bedfordview/41?tp=2000000,41
14,https://www.privateproperty.co.za/for-sale/gauteng/johannesburg/bedfordview/41?tp=2000000,41
15,https://www.privateproperty.co.za/for-sale/gauteng/johannesburg/bedfordview/41?tp=2000000,41
16,https://www.privateproperty.co.za/for-sale/gauteng/johannesburg/bedfordview/41?tp=2000000,41
17,https://www.privateproperty.co.za/for-sale/gauteng/johannesburg/bedfordview/41?tp=2000000,41
18,https://www.privateproperty.co.za/for-sale/gauteng/johannesburg/bedfordview/41?tp=2000000,41
19,https://www.privateproperty.co.za/for-sale/gauteng/johannesburg/bedfordview/41?tp=2000000,41
20,https://www.privateproperty.co.za/for-sale/gauteng/johannesburg/bedfordview/41?tp=2000000,41
21,https://www.privateproperty.co.za/for-sale/gauteng/johannesburg/bedfordview/41?tp=2000000,41
22,https://www.privateproperty.co.za/for-sale/gauteng/johannesburg/bedfordview/41?tp=2000000,41
23,https://www.privateproperty.co.za/for-sale/gauteng/johannesburg/bedfordview/41?tp=2000000,41
24,https://www.privateproperty.co.za/for-sale/gauteng/johannesburg/bedfordview/41?tp=2000000,41
25,https://www.privateproperty.co.za/for-sale/gauteng/johannesburg/bedfordview/41?tp=2000000,41
26,https://www.privateproperty.co.za/for-sale/gauteng/johannesburg/bedfordview/41?tp=2000000,41
27,https://www.privateproperty.co.za/for-sale/gauteng/johannesburg/bedfordview/41?tp=2000000,41
28,https://www.privateproperty.co.za/for-sale/gauteng/johannesburg/bedfordview/41?tp=2000000,41
29,https://www.privateproperty.co.za/for-sale/gauteng/johannesburg/bedfordview/41?tp=2000000,41
30,https://www.privateproperty.co.za/for-sale/gauteng/johannesburg/bedfordview/41?tp=2000000,41
31,https://www.privateproperty.co.za/for-sale/gauteng/johannesburg/bedfordview/41?tp=2000000,41
32,https://www.privateproperty.co.za/for-sale/gauteng/johannesburg/bedfordview/41?tp=2000000,41
33,https://www.privateproperty.co.za/for-sale/gauteng/johannesburg/bedfordview/41?tp=2000000,41
34,https://www.privateproperty.co.za/for-sale/gauteng/johannesburg/bedfordview/41?tp=2000000,41
35,https://www.privateproperty.co.za/for-sale/gauteng/johannesburg/bedfordview/41?tp=2000000,41
36,https://www.privateproperty.co.za/for-sale/gauteng/johannesburg/bedfordview/41?tp=2000000,41
37,https://www.privateproperty.co.za/for-sale/gauteng/johannesburg/bedfordview/41?tp=2000000,41
38,https://www.privateproperty.co.za/for-sale/gauteng/johannesburg/bedfordview/41?tp=2000000,41
39,https://www.privateproperty.co.za/for-sale/gauteng/johannesburg/bedfordview/41?tp=2000000,41
40,https://www.privateproperty.co.za/for-sale/gauteng/johannesburg/bedfordview/41?tp=2000000,41
41,https://www.privateproperty.co.za/for-sale/gauteng/johannesburg/fourways-sunninghill-and-lonehill/27?tp=2000000,150
42,https://www.privateproperty.co.za/for-sale/gauteng/johannesburg/fourways-sunninghill-and-lonehill/27?tp=2000000,150
43,https://www.privateproperty.co.za/for-sale/gauteng/johannesburg/fourways-sunninghill-and-lonehill/27?tp=2000000,150
44,https://www.privateproperty.co.za/for-sale/gauteng/johannesburg/fourways-sunninghill-and-lonehill/27?tp=2000000,150
45,https://www.privateproperty.co.za/for-sale/gauteng/johannesburg/fourways-sunninghill-and-lonehill/27?tp=2000000,150
46,https://www.privateproperty.co.za/for-sale/gauteng/johannesburg/fourways-sunninghill-and-lonehill/27?tp=2000000,150
47,https://www.privateproperty.co.za/for-sale/gauteng/johannesburg/fourways-sunninghill-and-lonehill/27?tp=2000000,150
48,https://www.privateproperty.co.za/for-sale/gauteng/johannesburg/fourways-sunninghill-and-lonehill/27?tp=2000000,150
49,https://www.privateproperty.co.za/for-sale/gauteng/johannesburg/fourways-sunninghill-and-lonehill/27?tp=2000000,150
50,https://www.privateproperty.co.za/for-sale/gauteng/johannesburg/fourways-sunninghill-and-lonehill/27?tp=2000000,150
51,https://www.privateproperty.co.za/for-sale/gauteng/johannesburg/fourways-sunninghill-and-lonehill/27?tp=2000000,150
52,https://www.privateproperty.co.za/for-sale/gauteng/johannesburg/fourways-sunninghill-and-lonehill/27?tp=2000000,150
53,https://www.privateproperty.co.za/for-sale/gauteng/johannesburg/fourways-sunninghill-and-lonehill/27?tp=2000000,150
54,https://www.privateproperty.co.za/for-sale/gauteng/johannesburg/fourways-sunninghill-and-lonehill/27?tp=2000000,150
55,https://www.privateproperty.co.za/for-sale/gauteng/johannesburg/fourways-sunninghill-and-lonehill/27?tp=2000000,150
56,https://www.privateproperty.co.za/for-sale/gauteng/johannesburg/fourways-sunninghill-and-lonehill/27?tp=2000000,150
57,https://www.privateproperty.co.za/for-sale/gauteng/johannesburg/fourways-sunninghill-and-lonehill/27?tp=2000000,150
58,https://www.privateproperty.co.za/for-sale/gauteng/johannesburg/fourways-sunninghill-and-lonehill/27?tp=2000000,150
59,https://www.privateproperty.co.za/for-sale/gauteng/johannesburg/fourways-sunninghill-and-lonehill/27?tp=2000000,150
60,https://www.privateproperty.co.za/for-sale/gauteng/johannesburg/fourways-sunninghill-and-lonehill/27?tp=2000000,150
61,https://www.privateproperty.co.za/for-sale/gauteng/johannesburg/fourways-sunninghill-and-lonehill/27?tp=2000000,150
62,https://www.privateproperty.co.za/for-sale/gauteng/johannesburg/fourways-sunninghill-and-lonehill/27?tp=2000000,150
63,https://www.privateproperty.co.za/for-sale/gauteng/johannesburg/fourways-sunninghill-and-lonehill/27?tp=2000000,150
64,https://www.privateproperty.co.za/for-sale/gauteng/johannesburg/fourways-sunninghill-and-lonehill/27?tp=2000000,150
65,https://www.privateproperty.co.za/for-sale/gauteng/johannesburg/fourways-sunninghill-and-lonehill/27?tp=2000000,150
66,https://www.privateproperty.co.za/for-sale/gauteng/johannesburg/fourways-sunninghill-and-lonehill/27?tp=2000000,150
67,https://www.privateproperty.co.za/for-sale/gauteng/johannesburg/fourways-sunninghill-and-lonehill/27?tp=2000000,150
68,https://www.privateproperty.co.za/for-sale/gauteng/johannesburg/fourways-sunninghill-and-lonehill/27?tp=2000000,150
69,https://www.privateproperty.co.za/for-sale/gauteng/johannesburg/fourways-sunninghill-and-lonehill/27?tp=2000000,150
70,https://www.privateproperty.co.za/for-sale/gauteng/johannesburg/fourways-sunninghill-and-lonehill/27?tp=2000000,150
71,https://www.privateproperty.co.za/for-sale/gauteng/johannesburg/fourways-sunninghill-and-lonehill/27?tp=2000000,150
72,https://www.privateproperty.co.za/for-sale/gauteng/johannesburg/fourways-sunninghill-and-lonehill/27?tp=2000000,150
73,https://www.privateproperty.co.za/for-sale/gauteng/johannesburg/fourways-sunninghill-and-lonehill/27?tp=2000000,150
74,https://www.privateproperty.co.za/for-sale/gauteng/johannesburg/fourways-sunninghill-and-lonehill/27?tp=2000000,150
75,https://www.privateproperty.co.za/for-sale/gauteng/johannesburg/fourways-sunninghill-and-lonehill/27?tp=2000000,150
76,https://www.privateproperty.co.za/for-sale/gauteng/johannesburg/fourways-sunninghill-and-lonehill/27?tp=2000000,150
77,https://www.privateproperty.co.za/for-sale/gauteng/johannesburg/fourways-sunninghill-and-lonehill/27?tp=2000000,150
78,https://www.privateproperty.co.za/for-sale/gauteng/johannesburg/fourways-sunninghill-and-lonehill/27?tp=2000000,150
79,https://www.privateproperty.co.za/for-sale/gauteng/johannesburg/fourways-sunninghill-and-lonehill/27?tp=2000000,150
80,https://www.privateproperty.co.za/for-sale/gauteng/johannesburg/fourways-sunninghill-and-lonehill/27?tp=2000000,150
81,https://www.privateproperty.co.za/for-sale/gauteng/johannesburg/fourways-sunninghill-and-lonehill/27?tp=2000000,150
82,https://www.privateproperty.co.za/for-sale/gauteng/johannesburg/fourways-sunninghill-and-lonehill/27?tp=2000000,150
83,https://www.privateproperty.co.za/for-sale/gauteng/johannesburg/fourways-sunninghill-and-lonehill/27?tp=2000000,150
84,https://www.privateproperty.co.za/for-sale/gauteng/johannesburg/fourways-sunninghill-and-lonehill/27?tp=2000000,150
85,https://www.privateproperty.co.za/for-sale/gauteng/johannesburg/fourways-sunninghill-and-lonehill/27?tp=2000000,150
86,https://www.privateproperty.co.za/for-sale/gauteng/johannesburg/fourways-sunninghill-and-lonehill/27?tp=2000000,150
87,https://www.privateproperty.co.za/for-sale/gauteng/johannesburg/fourways-sunninghill-and-lonehill/27?tp=2000000,150
88,https://www.privateproperty.co.za/for-sale/gauteng/johannesburg/fourways-sunninghill-and-lonehill/27?tp=2000000,150
89,https://www.privateproperty.co.za/for-sale/gauteng/johannesburg/fourways-sunninghill-and-lonehill/27?tp=2000000,150
90,https://www.privateproperty.co.za/for-sale/gauteng/johannesburg/fourways-sunninghill-and-lonehill/27?tp=2000000,150
91,https://www.privateproperty.co.za/for-sale/gauteng/johannesburg/fourways-sunninghill-and-lonehill/27?tp=2000000,150
92,https://www.privateproperty.co.za/for-sale/gauteng/johannesburg/fourways-sunninghill-and-lonehill/27?tp=2000000,150
93,https://www.privateproperty.co.za/for-sale/gauteng/johannesburg/fourways-sunninghill-and-lonehill/27?tp=2000000,150
94,https://www.privateproperty.co.za/for-sale/gauteng/johannesburg/fourways-sunninghill-and-lonehill/27?tp=2000000,150
95,https://www.privateproperty.co.za/for-sale/gauteng/johannesburg/fourways-sunninghill-and-lonehill/27?tp=2000000,150
96,https://www.privateproperty.co.za/for-sale/gauteng/johannesburg/fourways-sunninghill-and-lonehill/27?tp=2000000,150
97,https://www.privateproperty.co.za/for-sale/gauteng/johannesburg/fourways-sunninghill-and-lonehill/27?tp=2000000,150
98,https://www.privateproperty.co.za/for-sale/gauteng/johannesburg/fourways-sunninghill-and-lonehill/27?tp=2000000,150
99,https://www.privateproperty.co.za/for-sale/gauteng/johannesburg/fourways-sunninghill-and-lonehill/27?tp=2000000,150
100,https://www.privateproperty.co.za/for-sale/gauteng/johannesburg/fourways-sunninghill-and-lonehill/27?tp=2000000,150
101,https://www.privateproperty.co.za/for-sale/gauteng/johannesburg/fourways-sunninghill-and-lonehill/27?tp=2000000,150
102,https://www.privateproperty.co.za/for-sale/gauteng/johannesburg/fourways-sunninghill-and-lonehill/27?tp=2000000,150
103,https://www.privateproperty.co.za/for-sale/gauteng/johannesburg/fourways-sunninghill-and-lonehill/27?tp=2000000,150
104,https://www.privateproperty.co.za/for-sale/gauteng/johannesburg/fourways-sunninghill-and-lonehill/27?tp=2000000,150
105,https://www.privateproperty.co.za/for-sale/gauteng/johannesburg/fourways-sunninghill-and-lonehill/27?tp=2000000,150
106,https://www.privateproperty.co.za/for-sale/gauteng/johannesburg/fourways-sunninghill-and-lonehill/27?tp=2000000,150
107,https://www.privateproperty.co.za/for-sale/gauteng/johannesburg/fourways-sunninghill-and-lonehill/27?tp=2000000,150
108,https://www.privateproperty.co.za/for-sale/gauteng/johannesburg/fourways-sunninghill-and-lonehill/27?tp=2000000,150
109,https://www.privateproperty.co.za/for-sale/gauteng/johannesburg/fourways-sunninghill-and-lonehill/27?tp=2000000,150
110,https://www.privateproperty.co.za/for-sale/gauteng/johannesburg/fourways-sunninghill-and-lonehill/27?tp=2000000,150
111,https://www.privateproperty.co.za/for-sale/gauteng/johannesburg/fourways-sunninghill-and-lonehill/27?tp=2000000,150
112,https://www.privateproperty.co.za/for-sale/gauteng/johannesburg/fourways-sunninghill-and-lonehill/27?tp=2000000,150
113,https://www.privateproperty.co.za/for-sale/gauteng/johannesburg/fourways-sunninghill-and-lonehill/27?tp=2000000,150
114,https://www.privateproperty.co.za/for-sale/gauteng/johannesburg/fourways-sunninghill-and-lonehill/27?tp=2000000,150
115,https://www.privateproperty.co.za/for-sale/gauteng/johannesburg/fourways-sunninghill-and-lonehill/27?tp=2000000,150
116,https://www.privateproperty.co.za/for-sale/gauteng/johannesburg/fourways-sunninghill-and-lonehill/27?tp=2000000,150
117,https://www.privateproperty.co.za/for-sale/gauteng/johannesburg/fourways-sunninghill-and-lonehill/27?tp=2000000,150
118,https://www.privateproperty.co.za/for-sale/gauteng/johannesburg/fourways-sunninghill-and-lonehill/27?tp=2000000,150
119,https://www.privateproperty.co.za/for-sale/gauteng/johannesburg/fourways-sunninghill-and-lonehill/27?tp=2000000,150
120,https://www.privateproperty.co.za/for-sale/gauteng/johannesburg/fourways-sunninghill-and-lonehill/27?tp=2000000,150
121,https://www.privateproperty.co.za/for-sale/gauteng/johannesburg/fourways-sunninghill-and-lonehill/27?tp=2000000,150
122,https://www.privateproperty.co.za/for-sale/gauteng/johannesburg/fourways-sunninghill-and-lonehill/27?tp=2000000,150
123,https://www.privateproperty.co.za/for-sale/gauteng/johannesburg/fourways-sunninghill-and-lonehill/27?tp=2000000,150
124,https://www.privateproperty.co.za/for-sale/gauteng/johannesburg/fourways-sunninghill-and-lonehill/27?tp=2000000,150
125,https://www.privateproperty.co.za/for-sale/gauteng/johannesburg/fourways-sunninghill-and-lonehill/27?tp=2000000,150
126,https://www.privateproperty.co.za/for-sale/gauteng/johannesburg/fourways-sunninghill-and-lonehill/27?tp=2000000,150
127,https://www.privateproperty.co.za/for-sale/gauteng/johannesburg/fourways-sunninghill-and-lonehill/27?tp=2000000,150
128,https://www.privateproperty.co.za/for-sale/gauteng/johannesburg/fourways-sunninghill-and-lonehill/27?tp=2000000,150
129,https://www.privateproperty.co.za/for-sale/gauteng/johannesburg/fourways-sunninghill-and-lonehill/27?tp=2000000,150
130,https://www.privateproperty.co.za/for-sale/gauteng/johannesburg/fourways-sunninghill-and-lonehill/27?tp=2000000,150
131,https://www.privateproperty.co.za/for-sale/gauteng/johannesburg/fourways-sunninghill-and-lonehill/27?tp=2000000,150
132,https://www.privateproperty.co.za/for-sale/gauteng/johannesburg/fourways-sunninghill-and-lonehill/27?tp=2000000,150
133,https://www.privateproperty.co.za/for-sale/gauteng/johannesburg/fourways-sunninghill-and-lonehill/27?tp=2000000,150
134,https://www.privateproperty.co.za/for-sale/gauteng/johannesburg/fourways-sunninghill-and-lonehill/27?tp=2000000,150
135,https://www.privateproperty.co.za/for-sale/gauteng/johannesburg/fourways-sunninghill-and-lonehill/27?tp=2000000,150
136,https://www.privateproperty.co.za/for-sale/gauteng/johannesburg/fourways-sunninghill-and-lonehill/27?tp=2000000,150
137,https://www.privateproperty.co.za/for-sale/gauteng/johannesburg/fourways-sunninghill-and-lonehill/27?tp=2000000,150
138,https://www.privateproperty.co.za/for-sale/gauteng/johannesburg/fourways-sunninghill-and-lonehill/27?tp=2000000,150
139,https://www.privateproperty.co.za/for-sale/gauteng/johannesburg/fourways-sunninghill-and-lonehill/27?tp=2000000,150
140,https://www.privateproperty.co.za/for-sale/gauteng/johannesburg/fourways-sunninghill-and-lonehill/27?tp=2000000,150
141,https://www.privateproperty.co.za/for-sale/gauteng/johannesburg/fourways-sunninghill-and-lonehill/27?tp=2000000,150
142,https://www.privateproperty.co.za/for-sale/gauteng/johannesburg/fourways-sunninghill-and-lonehill/27?tp=2000000,150
143,https://www.privateproperty.co.za/for-sale/gauteng/johannesburg/fourways-sunninghill-and-lonehill/27?tp=2000000,150
144,https://www.privateproperty.co.za/for-sale/gauteng/johannesburg/fourways-sunninghill-and-lonehill/27?tp=2000000,150
145,https://www.privateproperty.co.za/for-sale/gauteng/johannesburg/fourways-sunninghill-and-lonehill/27?tp=2000000,150
146,https://www.privateproperty.co.za/for-sale/gauteng/johannesburg/fourways-sunninghill-and-lonehill/27?tp=2000000,150
147,https://www.privateproperty.co.za/for-sale/gauteng/johannesburg/fourways-sunninghill-and-lonehill/27?tp=2000000,150
148,https://www.privateproperty.co.za/for-sale/gauteng/johannesburg/fourways-sunninghill-and-lonehill/27?tp=2000000,150
149,https://www.privateproperty.co.za/for-sale/gauteng/johannesburg/fourways-sunninghill-and-lonehill/27?tp=2000000,150
150,https://www.privateproperty.co.za/for-sale/gauteng/johannesburg/fourways-sunninghill-and-lonehill/27?tp=2000000,150
151,https://www.privateproperty.co.za/for-sale/gauteng/johannesburg/fourways-sunninghill-and-lonehill/27?tp=2000000,150
152,https://www.privateproperty.co.za/for-sale/gauteng/johannesburg/fourways-sunninghill-and-lonehill/27?tp=2000000,150
153,https://www.privateproperty.co.za/for-sale/gauteng/johannesburg/fourways-sunninghill-and-lonehill/27?tp=2000000,150
154,https://www.privateproperty.co.za/for-sale/gauteng/johannesburg/fourways-sunninghill-and-lonehill/27?tp=2000000,150
155,https://www.privateproperty.co.za/for-sale/gauteng/johannesburg/fourways-sunninghill-and-lonehill/27?tp=2000000,150
156,https://www.privateproperty.co.za/for-sale/gauteng/johannesburg/fourways-sunninghill-and-lonehill/27?tp=2000000,150
157,https://www.privateproperty.co.za/for-sale/gauteng/johannesburg/fourways-sunninghill-and-lonehill/27?tp=2000000,150
158,https://www.privateproperty.co.za/for-sale/gauteng/johannesburg/fourways-sunninghill-and-lonehill/27?tp=2000000,150
159,https://www.privateproperty.co.za/for-sale/gauteng/johannesburg/fourways-sunninghill-and-lonehill/27?tp=2000000,150
160,https://www.privateproperty.co.za/for-sale/gauteng/johannesburg/fourways-sunninghill-and-lonehill/27?tp=2000000,150
161,https://www.privateproperty.co.za/for-sale/gauteng/johannesburg/fourways-sunninghill-and-lonehill/27?tp=2000000,150
162,https://www.privateproperty.co.za/for-sale/gauteng/johannesburg/fourways-sunninghill-and-lonehill/27?tp=2000000,150
163,https://www.privateproperty.co.za/for-sale/gauteng/johannesburg/fourways-sunninghill-and-lonehill/27?tp=2000000,150
164,https://www.privateproperty.co.za/for-sale/gauteng/johannesburg/fourways-sunninghill-and-lonehill/27?tp=2000000,150
165,https://www.privateproperty.co.za/for-sale/gauteng/johannesburg/fourways-sunninghill-and-lonehill/27?tp=2000000,150
166,https://www.privateproperty.co.za/for-sale/gauteng/johannesburg/fourways-sunninghill-and-lonehill/27?tp=2000000,150
167,https://www.privateproperty.co.za/for-sale/gauteng/johannesburg/fourways-sunninghill-and-lonehill/27?tp=2000000,150
168,https://www.privateproperty.co.za/for-sale/gauteng/johannesburg/fourways-sunninghill-and-lonehill/27?tp=2000000,150
169,https://www.privateproperty.co.za/for-sale/gauteng/johannesburg/fourways-sunninghill-and-lonehill/27?tp=2000000,150
170,https://www.privateproperty.co.za/for-sale/gauteng/johannesburg/fourways-sunninghill-and-lonehill/27?tp=2000000,150
171,https://www.privateproperty.co.za/for-sale/gauteng/johannesburg/fourways-sunninghill-and-lonehill/27?tp=2000000,150
172,https://www.privateproperty.co.za/for-sale/gauteng/johannesburg/fourways-sunninghill-and-lonehill/27?tp=2000000,150
173,https://www.privateproperty.co.za/for-sale/gauteng/johannesburg/fourways-sunninghill-and-lonehill/27?tp=2000000,150
174,https://www.privateproperty.co.za/for-sale/gauteng/johannesburg/fourways-sunninghill-and-lonehill/27?tp=2000000,150
175,https://www.privateproperty.co.za/for-sale/gauteng/johannesburg/fourways-sunninghill-and-lonehill/27?tp=2000000,150
176,https://www.privateproperty.co.za/for-sale/gauteng/johannesburg/fourways-sunninghill-and-lonehill/27?tp=2000000,150
177,https://www.privateproperty.co.za/for-sale/gauteng/johannesburg/fourways-sunninghill-and-lonehill/27?tp=2000000,150
178,https://www.privateproperty.co.za/for-sale/gauteng/johannesburg/fourways-sunninghill-and-lonehill/27?tp=2000000,150
179,https://www.privateproperty.co.za/for-sale/gauteng/johannesburg/fourways-sunninghill-and-lonehill/27?tp=2000000,150
180,https://www.privateproperty.co.za/for-sale/gauteng/johannesburg/fourways-sunninghill-and-lonehill/27?tp=2000000,150
181,https://www.privateproperty.co.za/for-sale/gauteng/johannesburg/fourways-sunninghill-and-lonehill/27?tp=2000000,150
182,https://www.privateproperty.co.za/for-sale/gauteng/johannesburg/fourways-sunninghill-and-lonehill/27?tp=2000000,150
183,https://www.privateproperty.co.za/for-sale/gauteng/johannesburg/fourways-sunninghill-and-lonehill/27?tp=2000000,150
184,https://www.privateproperty.co.za/for-sale/gauteng/johannesburg/fourways-sunninghill-and-lonehill/27?tp=2000000,150
185,https://www.privateproperty.co.za/for-sale/gauteng/johannesburg/fourways-sunninghill-and-lonehill/27?tp=2000000,150
186,https://www.privateproperty.co.za/for-sale/gauteng/johannesburg/fourways-sunninghill-and-lonehill/27?tp=2000000,150
187,https://www.privateproperty.co.za/for-sale/gauteng/johannesburg/fourways-sunninghill-and-lonehill/27?tp=2000000,150
188,https://www.privateproperty.co.za/for-sale/gauteng/johannesburg/fourways-sunninghill-and-lonehill/27?tp=2000000,150
189,https://www.privateproperty.co.za/for-sale/gauteng/johannesburg/fourways-sunninghill-and-lonehill/27?tp=2000000,150
190,https://www.privateproperty.co.za/for-sale/gauteng/johannesburg/fourways-sunninghill-and-lonehill/27?tp=2000000,150
191,https://www.privateproperty.co.za/for-sale/gauteng/johannesburg/johannesburg-south/26?tp=2000000,282
192,https://www.privateproperty.co.za/for-sale/gauteng/johannesburg/johannesburg-south/26?tp=2000000,282
193,https://www.privateproperty.co.za/for-sale/gauteng/johannesburg/johannesburg-south/26?tp=2000000,282
194,https://www.privateproperty.co.za/for-sale/gauteng/johannesburg/johannesburg-south/26?tp=2000000,282
195,https://www.privateproperty.co.za/for-sale/gauteng/johannesburg/johannesburg-south/26?tp=2000000,282
196,https://www.privateproperty.co.za/for-sale/gauteng/johannesburg/johannesburg-south/26?tp=2000000,282
197,https://www.privateproperty.co.za/for-sale/gauteng/johannesburg/johannesburg-south/26?tp=2000000,282
198,https://www.privateproperty.co.za/for-sale/gauteng/johannesburg/johannesburg-south/26?tp=2000000,282
199,https://www.privateproperty.co.za/for-sale/gauteng/johannesburg/johannesburg-south/26?tp=2000000,282
200,https://www.privateproperty.co.za/for-sale/gauteng/johannesburg/johannesburg-south/26?tp=2000000,282
201,https://www.privateproperty.co.za/for-sale/gauteng/johannesburg/johannesburg-south/26?tp=2000000,282
202,https://www.privateproperty.co.za/for-sale/gauteng/johannesburg/johannesburg-south/26?tp=2000000,282
203,https://www.privateproperty.co.za/for-sale/gauteng/johannesburg/johannesburg-south/26?tp=2000000,282
204,https://www.privateproperty.co.za/for-sale/gauteng/johannesburg/johannesburg-south/26?tp=2000000,282
205,https://www.privateproperty.co.za/for-sale/gauteng/johannesburg/johannesburg-south/26?tp=2000000,282
206,https://www.privateproperty.co.za/for-sale/gauteng/johannesburg/johannesburg-south/26?tp=2000000,282
207,https://www.privateproperty.co.za/for-sale/gauteng/johannesburg/johannesburg-south/26?tp=2000000,282
208,https://www.privateproperty.co.za/for-sale/gauteng/johannesburg/johannesburg-south/26?tp=2000000,282
209,https://www.privateproperty.co.za/for-sale/gauteng/johannesburg/johannesburg-south/26?tp=2000000,282
210,https://www.privateproperty.co.za/for-sale/gauteng/johannesburg/johannesburg-south/26?tp=2000000,282
211,https://www.privateproperty.co.za/for-sale/gauteng/johannesburg/johannesburg-south/26?tp=2000000,282
212,https://www.privateproperty.co.za/for-sale/gauteng/johannesburg/johannesburg-south/26?tp=2000000,282
213,https://www.privateproperty.co.za/for-sale/gauteng/johannesburg/johannesburg-south/26?tp=2000000,282
214,https://www.privateproperty.co.za/for-sale/gauteng/johannesburg/johannesburg-south/26?tp=2000000,282
215,https://www.privateproperty.co.za/for-sale/gauteng/johannesburg/johannesburg-south/26?tp=2000000,282
216,https://www.privateproperty.co.za/for-sale/gauteng/johannesburg/johannesburg-south/26?tp=2000000,282
217,https://www.privateproperty.co.za/for-sale/gauteng/johannesburg/johannesburg-south/26?tp=2000000,282
218,https://www.privateproperty.co.za/for-sale/gauteng/johannesburg/johannesburg-south/26?tp=2000000,282
219,https://www.privateproperty.co.za/for-sale/gauteng/johannesburg/johannesburg-south/26?tp=2000000,282
220,https://www.privateproperty.co.za/for-sale/gauteng/johannesburg/johannesburg-south/26?tp=2000000,282
221,https://www.privateproperty.co.za/for-sale/gauteng/johannesburg/johannesburg-south/26?tp=2000000,282
222,https://www.privateproperty.co.za/for-sale/gauteng/johannesburg/johannesburg-south/26?tp=2000000,282
223,https://www.privateproperty.co.za/for-sale/gauteng/johannesburg/johannesburg-south/26?tp=2000000,282
224,https://www.privateproperty.co.za/for-sale/gauteng/johannesburg/johannesburg-south/26?tp=2000000,282
225,https://www.privateproperty.co.za/for-sale/gauteng/johannesburg/johannesburg-south/26?tp=2000000,282
226,https://www.privateproperty.co.za/for-sale/gauteng/johannesburg/johannesburg-south/26?tp=2000000,282
227,https://www.privateproperty.co.za/for-sale/gauteng/johannesburg/johannesburg-south/26?tp=2000000,282
228,https://www.privateproperty.co.za/for-sale/gauteng/johannesburg/johannesburg-south/26?tp=2000000,282
229,https://www.privateproperty.co.za/for-sale/gauteng/johannesburg/johannesburg-south/26?tp=2000000,282
230,https://www.privateproperty.co.za/for-sale/gauteng/johannesburg/johannesburg-south/26?tp=2000000,282
231,https://www.privateproperty.co.za/for-sale/gauteng/johannesburg/johannesburg-south/26?tp=2000000,282
232,https://www.privateproperty.co.za/for-sale/gauteng/johannesburg/johannesburg-south/26?tp=2000000,282
233,https://www.privateproperty.co.za/for-sale/gauteng/johannesburg/johannesburg-south/26?tp=2000000,282
234,https://www.privateproperty.co.za/for-sale/gauteng/johannesburg/johannesburg-south/26?tp=2000000,282
235,https://www.privateproperty.co.za/for-sale/gauteng/johannesburg/johannesburg-south/26?tp=2000000,282
236,https://www.privateproperty.co.za/for-sale/gauteng/johannesburg/johannesburg-south/26?tp=2000000,282
237,https://www.privateproperty.co.za/for-sale/gauteng/johannesburg/johannesburg-south/26?tp=2000000,282
238,https://www.privateproperty.co.za/for-sale/gauteng/johannesburg/johannesburg-south/26?tp=2000000,282
239,https://www.privateproperty.co.za/for-sale/gauteng/johannesburg/johannesburg-south/26?tp=2000000,282
240,https://www.privateproperty.co.za/for-sale/gauteng/johannesburg/johannesburg-south/26?tp=2000000,282
241,https://www.privateproperty.co.za/for-sale/gauteng/johannesburg/johannesburg-south/26?tp=2000000,282
242,https://www.privateproperty.co.za/for-sale/gauteng/johannesburg/johannesburg-south/26?tp=2000000,282
243,https://www.privateproperty.co.za/for-sale/gauteng/johannesburg/johannesburg-south/26?tp=2000000,282
244,https://www.privateproperty.co.za/for-sale/gauteng/johannesburg/johannesburg-south/26?tp=2000000,282
245,https://www.privateproperty.co.za/for-sale/gauteng/johannesburg/johannesburg-south/26?tp=2000000,282
246,https://www.privateproperty.co.za/for-sale/gauteng/johannesburg/johannesburg-south/26?tp=2000000,282
247,https://www.privateproperty.co.za/for-sale/gauteng/johannesburg/johannesburg-south/26?tp=2000000,282
248,https://www.privateproperty.co.za/for-sale/gauteng/johannesburg/johannesburg-south/26?tp=2000000,282
249,https://www.privateproperty.co.za/for-sale/gauteng/johannesburg/johannesburg-south/26?tp=2000000,282
250,https://www.privateproperty.co.za/for-sale/gauteng/johannesburg/johannesburg-south/26?tp=2000000,282
251,https://www.privateproperty.co.za/for-sale/gauteng/johannesburg/johannesburg-south/26?tp=2000000,282
252,https://www.privateproperty.co.za/for-sale/gauteng/johannesburg/johannesburg-south/26?tp=2000000,282
253,https://www.privateproperty.co.za/for-sale/gauteng/johannesburg/johannesburg-south/26?tp=2000000,282
254,https://www.privateproperty.co.za/for-sale/gauteng/johannesburg/johannesburg-south/26?tp=2000000,282
255,https://www.privateproperty.co.za/for-sale/gauteng/johannesburg/johannesburg-south/26?tp=2000000,282
256,https://www.privateproperty.co.za/for-sale/gauteng/johannesburg/johannesburg-south/26?tp=2000000,282
257,https://www.privateproperty.co.za/for-sale/gauteng/johannesburg/johannesburg-south/26?tp=2000000,282
258,https://www.privateproperty.co.za/for-sale/gauteng/johannesburg/johannesburg-south/26?tp=2000000,282
259,https://www.privateproperty.co.za/for-sale/gauteng/johannesburg/johannesburg-south/26?tp=2000000,282
260,https://www.privateproperty.co.za/for-sale/gauteng/johannesburg/johannesburg-south/26?tp=2000000,282
261,https://www.privateproperty.co.za/for-sale/gauteng/johannesburg/johannesburg-south/26?tp=2000000,282
262,https://www.privateproperty.co.za/for-sale/gauteng/johannesburg/johannesburg-south/26?tp=2000000,282
263,https://www.privateproperty.co.za/for-sale/gauteng/johannesburg/johannesburg-south/26?tp=2000000,282
264,https://www.privateproperty.co.za/for-sale/gauteng/johannesburg/johannesburg-south/26?tp=2000000,282
265,https://www.privateproperty.co.za/for-sale/gauteng/johannesburg/johannesburg-south/26?tp=2000000,282
266,https://www.privateproperty.co.za/for-sale/gauteng/johannesburg/johannesburg-south/26?tp=2000000,282
267,https://www.privateproperty.co.za/for-sale/gauteng/johannesburg/johannesburg-south/26?tp=2000000,282
268,https://www.privateproperty.co.za/for-sale/gauteng/johannesburg/johannesburg-south/26?tp=2000000,282
269,https://www.privateproperty.co.za/for-sale/gauteng/johannesburg/johannesburg-south/26?tp=2000000,282
270,https://www.privateproperty.co.za/for-sale/gauteng/johannesburg/johannesburg-south/26?tp=2000000,282
271,https://www.privateproperty.co.za/for-sale/gauteng/johannesburg/johannesburg-south/26?tp=2000000,282
272,https://www.privateproperty.co.za/for-sale/gauteng/johannesburg/johannesburg-south/26?tp=2000000,282
273,https://www.privateproperty.co.za/for-sale/gauteng/johannesburg/johannesburg-south/26?tp=2000000,282
274,https://www.privateproperty.co.za/for-sale/gauteng/johannesburg/johannesburg-south/26?tp=2000000,282
275,https://www.privateproperty.co.za/for-sale/gauteng/johannesburg/johannesburg-south/26?tp=2000000,282
276,https://www.privateproperty.co.za/for-sale/gauteng/johannesburg/johannesburg-south/26?tp=2000000,282
277,https://www.privateproperty.co.za/for-sale/gauteng/johannesburg/johannesburg-south/26?tp=2000000,282
278,https://www.privateproperty.co.za/for-sale/gauteng/johannesburg/johannesburg-south/26?tp=2000000,282
279,https://www.privateproperty.co.za/for-sale/gauteng/johannesburg/johannesburg-south/26?tp=2000000,282
280,https://www.privateproperty.co.za/for-sale/gauteng/johannesburg/johannesburg-south/26?tp=2000000,282
281,https://www.privateproperty.co.za/for-sale/gauteng/johannesburg/johannesburg-south/26?tp=2000000,282
282,https://www.privateproperty.co.za/for-sale/gauteng/johannesburg/johannesburg-south/26?tp=2000000,282
283,https://www.privateproperty.co.za/for-sale/gauteng/johannesburg/johannesburg-south/26?tp=2000000,282
284,https://www.privateproperty.co.za/for-sale/gauteng/johannesburg/johannesburg-south/26?tp=2000000,282
285,https://www.privateproperty.co.za/for-sale/gauteng/johannesburg/johannesburg-south/26?tp=2000000,282
286,https://www.privateproperty.co.za/for-sale/gauteng/johannesburg/johannesburg-south/26?tp=2000000,282
287,https://www.privateproperty.co.za/for-sale/gauteng/johannesburg/johannesburg-south/26?tp=2000000,282
288,https://www.privateproperty.co.za/for-sale/gauteng/johannesburg/johannesburg-south/26?tp=2000000,282
289,https://www.privateproperty.co.za/for-sale/gauteng/johannesburg/johannesburg-south/26?tp=2000000,282
290,https://www.privateproperty.co.za/for-sale/gauteng/johannesburg/johannesburg-south/26?tp=2000000,282
291,https://www.privateproperty.co.za/for-sale/gauteng/johannesburg/johannesburg-south/26?tp=2000000,282
292,https://www.privateproperty.co.za/for-sale/gauteng/johannesburg/johannesburg-south/26?tp=2000000,282
293,https://www.privateproperty.co.za/for-sale/gauteng/johannesburg/johannesburg-south/26?tp=2000000,282
294,https://www.privateproperty.co.za/for-sale/gauteng/johannesburg/johannesburg-south/26?tp=2000000,282
295,https://www.privateproperty.co.za/for-sale/gauteng/johannesburg/johannesburg-south/26?tp=2000000,282
296,https://www.privateproperty.co.za/for-sale/gauteng/johannesburg/johannesburg-south/26?tp=2000000,282
297,https://www.privateproperty.co.za/for-sale/gauteng/johannesburg/johannesburg-south/26?tp=2000000,282
298,https://www.privateproperty.co.za/for-sale/gauteng/johannesburg/johannesburg-south/26?tp=2000000,282
299,https://www.privateproperty.co.za/for-sale/gauteng/johannesburg/johannesburg-south/26?tp=2000000,282
300,https://www.privateproperty.co.za/for-sale/gauteng/johannesburg/johannesburg-south/26?tp=2000000,282
301,https://www.privateproperty.co.za/for-sale/gauteng/johannesburg/johannesburg-south/26?tp=2000000,282
302,https://www.privateproperty.co.za/for-sale/gauteng/johannesburg/johannesburg-south/26?tp=2000000,282
303,https://www.privateproperty.co.za/for-sale/gauteng/johannesburg/johannesburg-south/26?tp=2000000,282
304,https://www.privateproperty.co.za/for-sale/gauteng/johannesburg/johannesburg-south/26?tp=2000000,282
305,https://www.privateproperty.co.za/for-sale/gauteng/johannesburg/johannesburg-south/26?tp=2000000,282
306,https://www.privateproperty.co.za/for-sale/gauteng/johannesburg/johannesburg-south/26?tp=2000000,282
307,https://www.privateproperty.co.za/for-sale/gauteng/johannesburg/johannesburg-south/26?tp=2000000,282
308,https://www.privateproperty.co.za/for-sale/gauteng/johannesburg/johannesburg-south/26?tp=2000000,282
309,https://www.privateproperty.co.za/for-sale/gauteng/johannesburg/johannesburg-south/26?tp=2000000,282
310,https://www.privateproperty.co.za/for-sale/gauteng/johannesburg/johannesburg-south/26?tp=2000000,282
311,https://www.privateproperty.co.za/for-sale/gauteng/johannesburg/johannesburg-south/26?tp=2000000,282
312,https://www.privateproperty.co.za/for-sale/gauteng/johannesburg/johannesburg-south/26?tp=2000000,282
313,https://www.privateproperty.co.za/for-sale/gauteng/johannesburg/johannesburg-south/26?tp=2000000,282
314,https://www.privateproperty.co.za/for-sale/gauteng/johannesburg/johannesburg-south/26?tp=2000000,282
315,https://www.privateproperty.co.za/for-sale/gauteng/johannesburg/johannesburg-south/26?tp=2000000,282
316,https://www.privateproperty.co.za/for-sale/gauteng/johannesburg/johannesburg-south/26?tp=2000000,282
317,https://www.privateproperty.co.za/for-sale/gauteng/johannesburg/johannesburg-south/26?tp=2000000,282
318,https://www.privateproperty.co.za/for-sale/gauteng/johannesburg/johannesburg-south/26?tp=2000000,282
319,https://www.privateproperty.co.za/for-sale/gauteng/johannesburg/johannesburg-south/26?tp=2000000,282
320,https://www.privateproperty.co.za/for-sale/gauteng/johannesburg/johannesburg-south/26?tp=2000000,282
321,https://www.privateproperty.co.za/for-sale/gauteng/johannesburg/johannesburg-south/26?tp=2000000,282
322,https://www.privateproperty.co.za/for-sale/gauteng/johannesburg/johannesburg-south/26?tp=2000000,282
323,https://www.privateproperty.co.za/for-sale/gauteng/johannesburg/johannesburg-south/26?tp=2000000,282
324,https://www.privateproperty.co.za/for-sale/gauteng/johannesburg/johannesburg-south/26?tp=2000000,282
325,https://www.privateproperty.co.za/for-sale/gauteng/johannesburg/johannesburg-south/26?tp=2000000,282
326,https://www.privateproperty.co.za/for-sale/gauteng/johannesburg/johannesburg-south/26?tp=2000000,282
327,https://www.privateproperty.co.za/for-sale/gauteng/johannesburg/johannesburg-south/26?tp=2000000,282
328,https://www.privateproperty.co.za/for-sale/gauteng/johannesburg/johannesburg-south/26?tp=2000000,282
329,https://www.privateproperty.co.za/for-sale/gauteng/johannesburg/johannesburg-south/26?tp=2000000,282
330,https://www.privateproperty.co.za/for-sale/gauteng/johannesburg/johannesburg-south/26?tp=2000000,282
331,https://www.privateproperty.co.za/for-sale/gauteng/johannesburg/johannesburg-south/26?tp=2000000,282
332,https://www.privateproperty.co.za/for-sale/gauteng/johannesburg/johannesburg-south/26?tp=2000000,282
333,https://www.privateproperty.co.za/for-sale/gauteng/johannesburg/johannesburg-south/26?tp=2000000,282
334,https://www.privateproperty.co.za/for-sale/gauteng/johannesburg/johannesburg-south/26?tp=2000000,282
335,https://www.privateproperty.co.za/for-sale/gauteng/johannesburg/johannesburg-south/26?tp=2000000,282
336,https://www.privateproperty.co.za/for-sale/gauteng/johannesburg/johannesburg-south/26?tp=2000000,282
337,https://www.privateproperty.co.za/for-sale/gauteng/johannesburg/johannesburg-south/26?tp=2000000,282
338,https://www.privateproperty.co.za/for-sale/gauteng/johannesburg/johannesburg-south/26?tp=2000000,282
339,https://www.privateproperty.co.za/for-sale/gauteng/johannesburg/johannesburg-south/26?tp=2000000,282
340,https://www.privateproperty.co.za/for-sale/gauteng/johannesburg/johannesburg-south/26?tp=2000000,282
341,https://www.privateproperty.co.za/for-sale/gauteng/johannesburg/johannesburg-south/26?tp=2000000,282
342,https://www.privateproperty.co.za/for-sale/gauteng/johannesburg/johannesburg-south/26?tp=2000000,282
343,https://www.privateproperty.co.za/for-sale/gauteng/johannesburg/johannesburg-south/26?tp=2000000,282
344,https://www.privateproperty.co.za/for-sale/gauteng/johannesburg/johannesburg-south/26?tp=2000000,282
345,https://www.privateproperty.co.za/for-sale/gauteng/johannesburg/johannesburg-south/26?tp=2000000,282
346,https://www.privateproperty.co.za/for-sale/gauteng/johannesburg/johannesburg-south/26?tp=2000000,282
347,https://www.privateproperty.co.za/for-sale/gauteng/johannesburg/johannesburg-south/26?tp=2000000,282
348,https://www.privateproperty.co.za/for-sale/gauteng/johannesburg/johannesburg-south/26?tp=2000000,282
349,https://www.privateproperty.co.za/for-sale/gauteng/johannesburg/johannesburg-south/26?tp=2000000,282
350,https://www.privateproperty.co.za/for-sale/gauteng/johannesburg/johannesburg-south/26?tp=2000000,282
351,https://www.privateproperty.co.za/for-sale/gauteng/johannesburg/johannesburg-south/26?tp=2000000,282
352,https://www.privateproperty.co.za/for-sale/gauteng/johannesburg/johannesburg-south/26?tp=2000000,282
353,https://www.privateproperty.co.za/for-sale/gauteng/johannesburg/johannesburg-south/26?tp=2000000,282
354,https://www.privateproperty.co.za/for-sale/gauteng/johannesburg/johannesburg-south/26?tp=2000000,282
355,https://www.privateproperty.co.za/for-sale/gauteng/johannesburg/johannesburg-south/26?tp=2000000,282
356,https://www.privateproperty.co.za/for-sale/gauteng/johannesburg/johannesburg-south/26?tp=2000000,282
357,https://www.privateproperty.co.za/for-sale/gauteng/johannesburg/johannesburg-south/26?tp=2000000,282
358,https://www.privateproperty.co.za/for-sale/gauteng/johannesburg/johannesburg-south/26?tp=2000000,282
359,https://www.privateproperty.co.za/for-sale/gauteng/johannesburg/johannesburg-south/26?tp=2000000,282
360,https://www.privateproperty.co.za/for-sale/gauteng/johannesburg/johannesburg-south/26?tp=2000000,282
361,https://www.privateproperty.co.za/for-sale/gauteng/johannesburg/johannesburg-south/26?tp=2000000,282
362,https://www.privateproperty.co.za/for-sale/gauteng/johannesburg/johannesburg-south/26?tp=2000000,282
363,https://www.privateproperty.co.za/for-sale/gauteng/johannesburg/johannesburg-south/26?tp=2000000,282
364,https://www.privateproperty.co.za/for-sale/gauteng/johannesburg/johannesburg-south/26?tp=2000000,282
365,https://www.privateproperty.co.za/for-sale/gauteng/johannesburg/johannesburg-south/26?tp=2000000,282
366,https://www.privateproperty.co.za/for-sale/gauteng/johannesburg/johannesburg-south/26?tp=2000000,282
367,https://www.privateproperty.co.za/for-sale/gauteng/johannesburg/johannesburg-south/26?tp=2000000,282
368,https://www.privateproperty.co.za/for-sale/gauteng/johannesburg/johannesburg-south/26?tp=2000000,282
369,https://www.privateproperty.co.za/for-sale/gauteng/johannesburg/johannesburg-south/26?tp=2000000,282
370,https://www.privateproperty.co.za/for-sale/gauteng/johannesburg/johannesburg-south/26?tp=2000000,282
371,https://www.privateproperty.co.za/for-sale/gauteng/johannesburg/johannesburg-south/26?tp=2000000,282
372,https://www.privateproperty.co.za/for-sale/gauteng/johannesburg/johannesburg-south/26?tp=2000000,282
373,https://www.privateproperty.co.za/for-sale/gauteng/johannesburg/johannesburg-south/26?tp=2000000,282
374,https://www.privateproperty.co.za/for-sale/gauteng/johannesburg/johannesburg-south/26?tp=2000000,282
375,https://www.privateproperty.co.za/for-sale/gauteng/johannesburg/johannesburg-south/26?tp=2000000,282
376,https://www.privateproperty.co.za/for-sale/gauteng/johannesburg/johannesburg-south/26?tp=2000000,282
377,https://www.privateproperty.co.za/for-sale/gauteng/johannesburg/johannesburg-south/26?tp=2000000,282
378,https://www.privateproperty.co.za/for-sale/gauteng/johannesburg/johannesburg-south/26?tp=2000000,282
379,https://www.privateproperty.co.za/for-sale/gauteng/johannesburg/johannesburg-south/26?tp=2000000,282
380,https://www.privateproperty.co.za/for-sale/gauteng/johannesburg/johannesburg-south/26?tp=2000000,282
381,https://www.privateproperty.co.za/for-sale/gauteng/johannesburg/johannesburg-south/26?tp=2000000,282
382,https://www.privateproperty.co.za/for-sale/gauteng/johannesburg/johannesburg-south/26?tp=2000000,282
383,https://www.privateproperty.co.za/for-sale/gauteng/johannesburg/johannesburg-south/26?tp=2000000,282
384,https://www.privateproperty.co.za/for-sale/gauteng/johannesburg/johannesburg-south/26?tp=2000000,282
385,https://www.privateproperty.co.za/for-sale/gauteng/johannesburg/johannesburg-south/26?tp=2000000,282
386,https://www.privateproperty.co.za/for-sale/gauteng/johannesburg/johannesburg-south/26?tp=2000000,282
387,https://www.privateproperty.co.za/for-sale/gauteng/johannesburg/johannesburg-south/26?tp=2000000,282
388,https://www.privateproperty.co.za/for-sale/gauteng/johannesburg/johannesburg-south/26?tp=2000000,282
389,https://www.privateproperty.co.za/for-sale/gauteng/johannesburg/johannesburg-south/26?tp=2000000,282
390,https://www.privateproperty.co.za/for-sale/gauteng/johannesburg/johannesburg-south/26?tp=2000000,282
391,https://www.privateproperty.co.za/for-sale/gauteng/johannesburg/johannesburg-south/26?tp=2000000,282
392,https://www.privateproperty.co.za/for-sale/gauteng/johannesburg/johannesburg-south/26?tp=2000000,282
393,https://www.privateproperty.co.za/for-sale/gauteng/johannesburg/johannesburg-south/26?tp=2000000,282
394,https://www.privateproperty.co.za/for-sale/gauteng/johannesburg/johannesburg-south/26?tp=2000000,282
395,https://www.privateproperty.co.za/for-sale/gauteng/johannesburg/johannesburg-south/26?tp=2000000,282
396,https://www.privateproperty.co.za/for-sale/gauteng/johannesburg/johannesburg-south/26?tp=2000000,282
397,https://www.privateproperty.co.za/for-sale/gauteng/johannesburg/johannesburg-south/26?tp=2000000,282
398,https://www.privateproperty.co.za/for-sale/gauteng/johannesburg/johannesburg-south/26?tp=2000000,282
399,https://www.privateproperty.co.za/for-sale/gauteng/johannesburg/johannesburg-south/26?tp=2000000,282
400,https://www.privateproperty.co.za/for-sale/gauteng/johannesburg/johannesburg-south/26?tp=2000000,282
401,https://www.privateproperty.co.za/for-sale/gauteng/johannesburg/johannesburg-south/26?tp=2000000,282
402,https://www.privateproperty.co.za/for-sale/gauteng/johannesburg/johannesburg-south/26?tp=2000000,282
403,https://www.privateproperty.co.za/for-sale/gauteng/johannesburg/johannesburg-south/26?tp=2000000,282
404,https://www.privateproperty.co.za/for-sale/gauteng/johannesburg/johannesburg-south/26?tp=2000000,282
405,https://www.privateproperty.co.za/for-sale/gauteng/johannesburg/johannesburg-south/26?tp=2000000,282
406,https://www.privateproperty.co.za/for-sale/gauteng/johannesburg/johannesburg-south/26?tp=2000000,282
407,https://www.privateproperty.co.za/for-sale/gauteng/johannesburg/johannesburg-south/26?tp=2000000,282
408,https://www.privateproperty.co.za/for-sale/gauteng/johannesburg/johannesburg-south/26?tp=2000000,282
409,https://www.privateproperty.co.za/for-sale/gauteng/johannesburg/johannesburg-south/26?tp=2000000,282
410,https://www.privateproperty.co.za/for-sale/gauteng/johannesburg/johannesburg-south/26?tp=2000000,282
411,https://www.privateproperty.co.za/for-sale/gauteng/johannesburg/johannesburg-south/26?tp=2000000,282
412,https://www.privateproperty.co.za/for-sale/gauteng/johannesburg/johannesburg-south/26?tp=2000000,282
413,https://www.privateproperty.co.za/for-sale/gauteng/johannesburg/johannesburg-south/26?tp=2000000,282
414,https://www.privateproperty.co.za/for-sale/gauteng/johannesburg/johannesburg-south/26?tp=2000000,282
415,https://www.privateproperty.co.za/for-sale/gauteng/johannesburg/johannesburg-south/26?tp=2000000,282
416,https://www.privateproperty.co.za/for-sale/gauteng/johannesburg/johannesburg-south/26?tp=2000000,282
417,https://www.privateproperty.co.za/for-sale/gauteng/johannesburg/johannesburg-south/26?tp=2000000,282
418,https://www.privateproperty.co.za/for-sale/gauteng/johannesburg/johannesburg-south/26?tp=2000000,282
419,https://www.privateproperty.co.za/for-sale/gauteng/johannesburg/johannesburg-south/26?tp=2000000,282
420,https://www.privateproperty.co.za/for-sale/gauteng/johannesburg/johannesburg-south/26?tp=2000000,282
421,https://www.privateproperty.co.za/for-sale/gauteng/johannesburg/johannesburg-south/26?tp=2000000,282
422,https://www.privateproperty.co.za/for-sale/gauteng/johannesburg/johannesburg-south/26?tp=2000000,282
423,https://www.privateproperty.co.za/for-sale/gauteng/johannesburg/johannesburg-south/26?tp=2000000,282
424,https://www.privateproperty.co.za/for-sale/gauteng/johannesburg/johannesburg-south/26?tp=2000000,282
425,https://www.privateproperty.co.za/for-sale/gauteng/johannesburg/johannesburg-south/26?tp=2000000,282
426,https://www.privateproperty.co.za/for-sale/gauteng/johannesburg/johannesburg-south/26?tp=2000000,282
427,https://www.privateproperty.co.za/for-sale/gauteng/johannesburg/johannesburg-south/26?tp=2000000,282
428,https://www.privateproperty.co.za/for-sale/gauteng/johannesburg/johannesburg-south/26?tp=2000000,282
429,https://www.privateproperty.co.za/for-sale/gauteng/johannesburg/johannesburg-south/26?tp=2000000,282
430,https://www.privateproperty.co.za/for-sale/gauteng/johannesburg/johannesburg-south/26?tp=2000000,282
431,https://www.privateproperty.co.za/for-sale/gauteng/johannesburg/johannesburg-south/26?tp=2000000,282
432,https://www.privateproperty.co.za/for-sale/gauteng/johannesburg/johannesburg-south/26?tp=2000000,282
433,https://www.privateproperty.co.za/for-sale/gauteng/johannesburg/johannesburg-south/26?tp=2000000,282
434,https://www.privateproperty.co.za/for-sale/gauteng/johannesburg/johannesburg-south/26?tp=2000000,282
435,https://www.privateproperty.co.za/for-sale/gauteng/johannesburg/johannesburg-south/26?tp=2000000,282
436,https://www.privateproperty.co.za/for-sale/gauteng/johannesburg/johannesburg-south/26?tp=2000000,282
437,https://www.privateproperty.co.za/for-sale/gauteng/johannesburg/johannesburg-south/26?tp=2000000,282
438,https://www.privateproperty.co.za/for-sale/gauteng/johannesburg/johannesburg-south/26?tp=2000000,282
439,https://www.privateproperty.co.za/for-sale/gauteng/johannesburg/johannesburg-south/26?tp=2000000,282
440,https://www.privateproperty.co.za/for-sale/gauteng/johannesburg/johannesburg-south/26?tp=2000000,282
441,https://www.privateproperty.co.za/for-sale/gauteng/johannesburg/johannesburg-south/26?tp=2000000,282
442,https://www.privateproperty.co.za/for-sale/gauteng/johannesburg/johannesburg-south/26?tp=2000000,282
443,https://www.privateproperty.co.za/for-sale/gauteng/johannesburg/johannesburg-south/26?tp=2000000,282
444,https://www.privateproperty.co.za/for-sale/gauteng/johannesburg/johannesburg-south/26?tp=2000000,282
445,https://www.privateproperty.co.za/for-sale/gauteng/johannesburg/johannesburg-south/26?tp=2000000,282
446,https://www.privateproperty.co.za/for-sale/gauteng/johannesburg/johannesburg-south/26?tp=2000000,282
447,https://www.privateproperty.co.za/for-sale/gauteng/johannesburg/johannesburg-south/26?tp=2000000,282
448,https://www.privateproperty.co.za/for-sale/gauteng/johannesburg/johannesburg-south/26?tp=2000000,282
449,https://www.privateproperty.co.za/for-sale/gauteng/johannesburg/johannesburg-south/26?tp=2000000,282
450,https://www.privateproperty.co.za/for-sale/gauteng/johannesburg/johannesburg-south/26?tp=2000000,282
451,https://www.privateproperty.co.za/for-sale/gauteng/johannesburg/johannesburg-south/26?tp=2000000,282
452,https://www.privateproperty.co.za/for-sale/gauteng/johannesburg/johannesburg-south/26?tp=2000000,282
453,https://www.privateproperty.co.za/for-sale/gauteng/johannesburg/johannesburg-south/26?tp=2000000,282
454,https://www.privateproperty.co.za/for-sale/gauteng/johannesburg/johannesburg-south/26?tp=2000000,282
455,https://www.privateproperty.co.za/for-sale/gauteng/johannesburg/johannesburg-south/26?tp=2000000,282
456,https://www.privateproperty.co.za/for-sale/gauteng/johannesburg/johannesburg-south/26?tp=2000000,282
457,https://www.privateproperty.co.za/for-sale/gauteng/johannesburg/johannesburg-south/26?tp=2000000,282
458,https://www.privateproperty.co.za/for-sale/gauteng/johannesburg/johannesburg-south/26?tp=2000000,282
459,https://www.privateproperty.co.za/for-sale/gauteng/johannesburg/johannesburg-south/26?tp=2000000,282
460,https://www.privateproperty.co.za/for-sale/gauteng/johannesburg/johannesburg-south/26?tp=2000000,282
461,https://www.privateproperty.co.za/for-sale/gauteng/johannesburg/johannesburg-south/26?tp=2000000,282
462,https://www.privateproperty.co.za/for-sale/gauteng/johannesburg/johannesburg-south/26?tp=2000000,282
463,https://www.privateproperty.co.za/for-sale/gauteng/johannesburg/johannesburg-south/26?tp=2000000,282
464,https://www.privateproperty.co.za/for-sale/gauteng/johannesburg/johannesburg-south/26?tp=2000000,282
465,https://www.privateproperty.co.za/for-sale/gauteng/johannesburg/johannesburg-south/26?tp=2000000,282
466,https://www.privateproperty.co.za/for-sale/gauteng/johannesburg/johannesburg-south/26?tp=2000000,282
467,https://www.privateproperty.co.za/for-sale/gauteng/johannesburg/johannesburg-south/26?tp=2000000,282
468,https://www.privateproperty.co.za/for-sale/gauteng/johannesburg/johannesburg-south/26?tp=2000000,282
469,https://www.privateproperty.co.za/for-sale/gauteng/johannesburg/johannesburg-south/26?tp=2000000,282
470,https://www.privateproperty.co.za/for-sale/gauteng/johannesburg/johannesburg-south/26?tp=2000000,282
471,https://www.privateproperty.co.za/for-sale/gauteng/johannesburg/johannesburg-south/26?tp=2000000,282
472,https://www.privateproperty.co.za/for-sale/gauteng/johannesburg/johannesburg-south/26?tp=2000000,282
473,https://www.privateproperty.co.za/for-sale/gauteng/johannesburg/north-riding-to-lanseria/1928?tp=2000000,147
474,https://www.privateproperty.co.za/for-sale/gauteng/johannesburg/north-riding-to-lanseria/1928?tp=2000000,147
475,https://www.privateproperty.co.za/for-sale/gauteng/johannesburg/north-riding-to-lanseria/1928?tp=2000000,147
476,https://www.privateproperty.co.za/for-sale/gauteng/johannesburg/north-riding-to-lanseria/1928?tp=2000000,147
477,https://www.privateproperty.co.za/for-sale/gauteng/johannesburg/north-riding-to-lanseria/1928?tp=2000000,147
478,https://www.privateproperty.co.za/for-sale/gauteng/johannesburg/north-riding-to-lanseria/1928?tp=2000000,147
479,https://www.privateproperty.co.za/for-sale/gauteng/johannesburg/north-riding-to-lanseria/1928?tp=2000000,147
480,https://www.privateproperty.co.za/for-sale/gauteng/johannesburg/north-riding-to-lanseria/1928?tp=2000000,147
481,https://www.privateproperty.co.za/for-sale/gauteng/johannesburg/north-riding-to-lanseria/1928?tp=2000000,147
482,https://www.privateproperty.co.za/for-sale/gauteng/johannesburg/north-riding-to-lanseria/1928?tp=2000000,147
483,https://www.privateproperty.co.za/for-sale/gauteng/johannesburg/north-riding-to-lanseria/1928?tp=2000000,147
484,https://www.privateproperty.co.za/for-sale/gauteng/johannesburg/north-riding-to-lanseria/1928?tp=2000000,147
485,https://www.privateproperty.co.za/for-sale/gauteng/johannesburg/north-riding-to-lanseria/1928?tp=2000000,147
486,https://www.privateproperty.co.za/for-sale/gauteng/johannesburg/north-riding-to-lanseria/1928?tp=2000000,147
487,https://www.privateproperty.co.za/for-sale/gauteng/johannesburg/north-riding-to-lanseria/1928?tp=2000000,147
488,https://www.privateproperty.co.za/for-sale/gauteng/johannesburg/north-riding-to-lanseria/1928?tp=2000000,147
489,https://www.privateproperty.co.za/for-sale/gauteng/johannesburg/north-riding-to-lanseria/1928?tp=2000000,147
490,https://www.privateproperty.co.za/for-sale/gauteng/johannesburg/north-riding-to-lanseria/1928?tp=2000000,147
491,https://www.privateproperty.co.za/for-sale/gauteng/johannesburg/north-riding-to-lanseria/1928?tp=2000000,147
492,https://www.privateproperty.co.za/for-sale/gauteng/johannesburg/north-riding-to-lanseria/1928?tp=2000000,147
493,https://www.privateproperty.co.za/for-sale/gauteng/johannesburg/north-riding-to-lanseria/1928?tp=2000000,147
494,https://www.privateproperty.co.za/for-sale/gauteng/johannesburg/north-riding-to-lanseria/1928?tp=2000000,147
495,https://www.privateproperty.co.za/for-sale/gauteng/johannesburg/north-riding-to-lanseria/1928?tp=2000000,147
496,https://www.privateproperty.co.za/for-sale/gauteng/johannesburg/north-riding-to-lanseria/1928?tp=2000000,147
497,https://www.privateproperty.co.za/for-sale/gauteng/johannesburg/north-riding-to-lanseria/1928?tp=2000000,147
498,https://www.privateproperty.co.za/for-sale/gauteng/johannesburg/north-riding-to-lanseria/1928?tp=2000000,147
499,https://www.privateproperty.co.za/for-sale/gauteng/johannesburg/north-riding-to-lanseria/1928?tp=2000000,147
500,https://www.privateproperty.co.za/for-sale/gauteng/johannesburg/north-riding-to-lanseria/1928?tp=2000000,147
501,https://www.privateproperty.co.za/for-sale/gauteng/johannesburg/north-riding-to-lanseria/1928?tp=2000000,147
502,https://www.privateproperty.co.za/for-sale/gauteng/johannesburg/north-riding-to-lanseria/1928?tp=2000000,147
503,https://www.privateproperty.co.za/for-sale/gauteng/johannesburg/north-riding-to-lanseria/1928?tp=2000000,147
504,https://www.privateproperty.co.za/for-sale/gauteng/johannesburg/north-riding-to-lanseria/1928?tp=2000000,147
505,https://www.privateproperty.co.za/for-sale/gauteng/johannesburg/north-riding-to-lanseria/1928?tp=2000000,147
506,https://www.privateproperty.co.za/for-sale/gauteng/johannesburg/north-riding-to-lanseria/1928?tp=2000000,147
507,https://www.privateproperty.co.za/for-sale/gauteng/johannesburg/north-riding-to-lanseria/1928?tp=2000000,147
508,https://www.privateproperty.co.za/for-sale/gauteng/johannesburg/north-riding-to-lanseria/1928?tp=2000000,147
509,https://www.privateproperty.co.za/for-sale/gauteng/johannesburg/north-riding-to-lanseria/1928?tp=2000000,147
510,https://www.privateproperty.co.za/for-sale/gauteng/johannesburg/north-riding-to-lanseria/1928?tp=2000000,147
511,https://www.privateproperty.co.za/for-sale/gauteng/johannesburg/north-riding-to-lanseria/1928?tp=2000000,147
512,https://www.privateproperty.co.za/for-sale/gauteng/johannesburg/north-riding-to-lanseria/1928?tp=2000000,147
513,https://www.privateproperty.co.za/for-sale/gauteng/johannesburg/north-riding-to-lanseria/1928?tp=2000000,147
514,https://www.privateproperty.co.za/for-sale/gauteng/johannesburg/north-riding-to-lanseria/1928?tp=2000000,147
515,https://www.privateproperty.co.za/for-sale/gauteng/johannesburg/north-riding-to-lanseria/1928?tp=2000000,147
516,https://www.privateproperty.co.za/for-sale/gauteng/johannesburg/north-riding-to-lanseria/1928?tp=2000000,147
517,https://www.privateproperty.co.za/for-sale/gauteng/johannesburg/north-riding-to-lanseria/1928?tp=2000000,147
518,https://www.privateproperty.co.za/for-sale/gauteng/johannesburg/north-riding-to-lanseria/1928?tp=2000000,147
519,https://www.privateproperty.co.za/for-sale/gauteng/johannesburg/north-riding-to-lanseria/1928?tp=2000000,147
520,https://www.privateproperty.co.za/for-sale/gauteng/johannesburg/north-riding-to-lanseria/1928?tp=2000000,147
521,https://www.privateproperty.co.za/for-sale/gauteng/johannesburg/north-riding-to-lanseria/1928?tp=2000000,147
522,https://www.privateproperty.co.za/for-sale/gauteng/johannesburg/north-riding-to-lanseria/1928?tp=2000000,147
523,https://www.privateproperty.co.za/for-sale/gauteng/johannesburg/north-riding-to-lanseria/1928?tp=2000000,147
524,https://www.privateproperty.co.za/for-sale/gauteng/johannesburg/north-riding-to-lanseria/1928?tp=2000000,147
525,https://www.privateproperty.co.za/for-sale/gauteng/johannesburg/north-riding-to-lanseria/1928?tp=2000000,147
526,https://www.privateproperty.co.za/for-sale/gauteng/johannesburg/north-riding-to-lanseria/1928?tp=2000000,147
527,https://www.privateproperty.co.za/for-sale/gauteng/johannesburg/north-riding-to-lanseria/1928?tp=2000000,147
528,https://www.privateproperty.co.za/for-sale/gauteng/johannesburg/north-riding-to-lanseria/1928?tp=2000000,147
529,https://www.privateproperty.co.za/for-sale/gauteng/johannesburg/north-riding-to-lanseria/1928?tp=2000000,147
530,https://www.privateproperty.co.za/for-sale/gauteng/johannesburg/north-riding-to-lanseria/1928?tp=2000000,147
531,https://www.privateproperty.co.za/for-sale/gauteng/johannesburg/north-riding-to-lanseria/1928?tp=2000000,147
532,https://www.privateproperty.co.za/for-sale/gauteng/johannesburg/north-riding-to-lanseria/1928?tp=2000000,147
533,https://www.privateproperty.co.za/for-sale/gauteng/johannesburg/north-riding-to-lanseria/1928?tp=2000000,147
534,https://www.privateproperty.co.za/for-sale/gauteng/johannesburg/north-riding-to-lanseria/1928?tp=2000000,147
535,https://www.privateproperty.co.za/for-sale/gauteng/johannesburg/north-riding-to-lanseria/1928?tp=2000000,147
536,https://www.privateproperty.co.za/for-sale/gauteng/johannesburg/north-riding-to-lanseria/1928?tp=2000000,147
537,https://www.privateproperty.co.za/for-sale/gauteng/johannesburg/north-riding-to-lanseria/1928?tp=2000000,147
538,https://www.privateproperty.co.za/for-sale/gauteng/johannesburg/north-riding-to-lanseria/1928?tp=2000000,147
539,https://www.privateproperty.co.za/for-sale/gauteng/johannesburg/north-riding-to-lanseria/1928?tp=2000000,147
540,https://www.privateproperty.co.za/for-sale/gauteng/johannesburg/north-riding-to-lanseria/1928?tp=2000000,147
541,https://www.privateproperty.co.za/for-sale/gauteng/johannesburg/north-riding-to-lanseria/1928?tp=2000000,147
542,https://www.privateproperty.co.za/for-sale/gauteng/johannesburg/north-riding-to-lanseria/1928?tp=2000000,147
543,https://www.privateproperty.co.za/for-sale/gauteng/johannesburg/north-riding-to-lanseria/1928?tp=2000000,147
544,https://www.privateproperty.co.za/for-sale/gauteng/johannesburg/north-riding-to-lanseria/1928?tp=2000000,147
545,https://www.privateproperty.co.za/for-sale/gauteng/johannesburg/north-riding-to-lanseria/1928?tp=2000000,147
546,https://www.privateproperty.co.za/for-sale/gauteng/johannesburg/north-riding-to-lanseria/1928?tp=2000000,147
547,https://www.privateproperty.co.za/for-sale/gauteng/johannesburg/north-riding-to-lanseria/1928?tp=2000000,147
548,https://www.privateproperty.co.za/for-sale/gauteng/johannesburg/north-riding-to-lanseria/1928?tp=2000000,147
549,https://www.privateproperty.co.za/for-sale/gauteng/johannesburg/north-riding-to-lanseria/1928?tp=2000000,147
550,https://www.privateproperty.co.za/for-sale/gauteng/johannesburg/north-riding-to-lanseria/1928?tp=2000000,147
551,https://www.privateproperty.co.za/for-sale/gauteng/johannesburg/north-riding-to-lanseria/1928?tp=2000000,147
552,https://www.privateproperty.co.za/for-sale/gauteng/johannesburg/north-riding-to-lanseria/1928?tp=2000000,147
553,https://www.privateproperty.co.za/for-sale/gauteng/johannesburg/north-riding-to-lanseria/1928?tp=2000000,147
554,https://www.privateproperty.co.za/for-sale/gauteng/johannesburg/north-riding-to-lanseria/1928?tp=2000000,147
555,https://www.privateproperty.co.za/for-sale/gauteng/johannesburg/north-riding-to-lanseria/1928?tp=2000000,147
556,https://www.privateproperty.co.za/for-sale/gauteng/johannesburg/north-riding-to-lanseria/1928?tp=2000000,147
557,https://www.privateproperty.co.za/for-sale/gauteng/johannesburg/north-riding-to-lanseria/1928?tp=2000000,147
558,https://www.privateproperty.co.za/for-sale/gauteng/johannesburg/north-riding-to-lanseria/1928?tp=2000000,147
559,https://www.privateproperty.co.za/for-sale/gauteng/johannesburg/north-riding-to-lanseria/1928?tp=2000000,147
560,https://www.privateproperty.co.za/for-sale/gauteng/johannesburg/north-riding-to-lanseria/1928?tp=2000000,147
561,https://www.privateproperty.co.za/for-sale/gauteng/johannesburg/north-riding-to-lanseria/1928?tp=2000000,147
562,https://www.privateproperty.co.za/for-sale/gauteng/johannesburg/north-riding-to-lanseria/1928?tp=2000000,147
563,https://www.privateproperty.co.za/for-sale/gauteng/johannesburg/north-riding-to-lanseria/1928?tp=2000000,147
564,https://www.privateproperty.co.za/for-sale/gauteng/johannesburg/north-riding-to-lanseria/1928?tp=2000000,147
565,https://www.privateproperty.co.za/for-sale/gauteng/johannesburg/north-riding-to-lanseria/1928?tp=2000000,147
566,https://www.privateproperty.co.za/for-sale/gauteng/johannesburg/north-riding-to-lanseria/1928?tp=2000000,147
567,https://www.privateproperty.co.za/for-sale/gauteng/johannesburg/north-riding-to-lanseria/1928?tp=2000000,147
568,https://www.privateproperty.co.za/for-sale/gauteng/johannesburg/north-riding-to-lanseria/1928?tp=2000000,147
569,https://www.privateproperty.co.za/for-sale/gauteng/johannesburg/north-riding-to-lanseria/1928?tp=2000000,147
570,https://www.privateproperty.co.za/for-sale/gauteng/johannesburg/north-riding-to-lanseria/1928?tp=2000000,147
571,https://www.privateproperty.co.za/for-sale/gauteng/johannesburg/north-riding-to-lanseria/1928?tp=2000000,147
572,https://www.privateproperty.co.za/for-sale/gauteng/johannesburg/north-riding-to-lanseria/1928?tp=2000000,147
573,https://www.privateproperty.co.za/for-sale/gauteng/johannesburg/north-riding-to-lanseria/1928?tp=2000000,147
574,https://www.privateproperty.co.za/for-sale/gauteng/johannesburg/north-riding-to-lanseria/1928?tp=2000000,147
575,https://www.privateproperty.co.za/for-sale/gauteng/johannesburg/north-riding-to-lanseria/1928?tp=2000000,147
576,https://www.privateproperty.co.za/for-sale/gauteng/johannesburg/north-riding-to-lanseria/1928?tp=2000000,147
577,https://www.privateproperty.co.za/for-sale/gauteng/johannesburg/north-riding-to-lanseria/1928?tp=2000000,147
578,https://www.privateproperty.co.za/for-sale/gauteng/johannesburg/north-riding-to-lanseria/1928?tp=2000000,147
579,https://www.privateproperty.co.za/for-sale/gauteng/johannesburg/north-riding-to-lanseria/1928?tp=2000000,147
580,https://www.privateproperty.co.za/for-sale/gauteng/johannesburg/north-riding-to-lanseria/1928?tp=2000000,147
581,https://www.privateproperty.co.za/for-sale/gauteng/johannesburg/north-riding-to-lanseria/1928?tp=2000000,147
582,https://www.privateproperty.co.za/for-sale/gauteng/johannesburg/north-riding-to-lanseria/1928?tp=2000000,147
583,https://www.privateproperty.co.za/for-sale/gauteng/johannesburg/north-riding-to-lanseria/1928?tp=2000000,147
584,https://www.privateproperty.co.za/for-sale/gauteng/johannesburg/north-riding-to-lanseria/1928?tp=2000000,147
585,https://www.privateproperty.co.za/for-sale/gauteng/johannesburg/north-riding-to-lanseria/1928?tp=2000000,147
586,https://www.privateproperty.co.za/for-sale/gauteng/johannesburg/north-riding-to-lanseria/1928?tp=2000000,147
587,https://www.privateproperty.co.za/for-sale/gauteng/johannesburg/north-riding-to-lanseria/1928?tp=2000000,147
588,https://www.privateproperty.co.za/for-sale/gauteng/johannesburg/north-riding-to-lanseria/1928?tp=2000000,147
589,https://www.privateproperty.co.za/for-sale/gauteng/johannesburg/north-riding-to-lanseria/1928?tp=2000000,147
590,https://www.privateproperty.co.za/for-sale/gauteng/johannesburg/north-riding-to-lanseria/1928?tp=2000000,147
591,https://www.privateproperty.co.za/for-sale/gauteng/johannesburg/north-riding-to-lanseria/1928?tp=2000000,147
592,https://www.privateproperty.co.za/for-sale/gauteng/johannesburg/north-riding-to-lanseria/1928?tp=2000000,147
593,https://www.privateproperty.co.za/for-sale/gauteng/johannesburg/north-riding-to-lanseria/1928?tp=2000000,147
594,https://www.privateproperty.co.za/for-sale/gauteng/johannesburg/north-riding-to-lanseria/1928?tp=2000000,147
595,https://www.privateproperty.co.za/for-sale/gauteng/johannesburg/north-riding-to-lanseria/1928?tp=2000000,147
596,https://www.privateproperty.co.za/for-sale/gauteng/johannesburg/north-riding-to-lanseria/1928?tp=2000000,147
597,https://www.privateproperty.co.za/for-sale/gauteng/johannesburg/north-riding-to-lanseria/1928?tp=2000000,147
598,https://www.privateproperty.co.za/for-sale/gauteng/johannesburg/north-riding-to-lanseria/1928?tp=2000000,147
599,https://www.privateproperty.co.za/for-sale/gauteng/johannesburg/north-riding-to-lanseria/1928?tp=2000000,147
600,https://www.privateproperty.co.za/for-sale/gauteng/johannesburg/north-riding-to-lanseria/1928?tp=2000000,147
601,https://www.privateproperty.co.za/for-sale/gauteng/johannesburg/north-riding-to-lanseria/1928?tp=2000000,147
602,https://www.privateproperty.co.za/for-sale/gauteng/johannesburg/north-riding-to-lanseria/1928?tp=2000000,147
603,https://www.privateproperty.co.za/for-sale/gauteng/johannesburg/north-riding-to-lanseria/1928?tp=2000000,147
604,https://www.privateproperty.co.za/for-sale/gauteng/johannesburg/north-riding-to-lanseria/1928?tp=2000000,147
605,https://www.privateproperty.co.za/for-sale/gauteng/johannesburg/north-riding-to-lanseria/1928?tp=2000000,147
606,https://www.privateproperty.co.za/for-sale/gauteng/johannesburg/north-riding-to-lanseria/1928?tp=2000000,147
607,https://www.privateproperty.co.za/for-sale/gauteng/johannesburg/north-riding-to-lanseria/1928?tp=2000000,147
608,https://www.privateproperty.co.za/for-sale/gauteng/johannesburg/north-riding-to-lanseria/1928?tp=2000000,147
609,https://www.privateproperty.co.za/for-sale/gauteng/johannesburg/north-riding-to-lanseria/1928?tp=2000000,147
610,https://www.privateproperty.co.za/for-sale/gauteng/johannesburg/north-riding-to-lanseria/1928?tp=2000000,147
611,https://www.privateproperty.co.za/for-sale/gauteng/johannesburg/north-riding-to-lanseria/1928?tp=2000000,147
612,https://www.privateproperty.co.za/for-sale/gauteng/johannesburg/north-riding-to-lanseria/1928?tp=2000000,147
613,https://www.privateproperty.co.za/for-sale/gauteng/johannesburg/north-riding-to-lanseria/1928?tp=2000000,147
614,https://www.privateproperty.co.za/for-sale/gauteng/johannesburg/north-riding-to-lanseria/1928?tp=2000000,147
615,https://www.privateproperty.co.za/for-sale/gauteng/johannesburg/north-riding-to-lanseria/1928?tp=2000000,147
616,https://www.privateproperty.co.za/for-sale/gauteng/johannesburg/north-riding-to-lanseria/1928?tp=2000000,147
617,https://www.privateproperty.co.za/for-sale/gauteng/johannesburg/north-riding-to-lanseria/1928?tp=2000000,147
618,https://www.privateproperty.co.za/for-sale/gauteng/johannesburg/north-riding-to-lanseria/1928?tp=2000000,147
619,https://www.privateproperty.co.za/for-sale/gauteng/johannesburg/north-riding-to-lanseria/1928?tp=2000000,147
620,https://www.privateproperty.co.za/for-sale/gauteng/johannesburg/northcliff/36?tp=2000000,66
621,https://www.privateproperty.co.za/for-sale/gauteng/johannesburg/northcliff/36?tp=2000000,66
622,https://www.privateproperty.co.za/for-sale/gauteng/johannesburg/northcliff/36?tp=2000000,66
623,https://www.privateproperty.co.za/for-sale/gauteng/johannesburg/northcliff/36?tp=2000000,66
624,https://www.privateproperty.co.za/for-sale/gauteng/johannesburg/northcliff/36?tp=2000000,66
625,https://www.privateproperty.co.za/for-sale/gauteng/johannesburg/northcliff/36?tp=2000000,66
626,https://www.privateproperty.co.za/for-sale/gauteng/johannesburg/northcliff/36?tp=2000000,66
627,https://www.privateproperty.co.za/for-sale/gauteng/johannesburg/northcliff/36?tp=2000000,66
628,https://www.privateproperty.co.za/for-sale/gauteng/johannesburg/northcliff/36?tp=2000000,66
629,https://www.privateproperty.co.za/for-sale/gauteng/johannesburg/northcliff/36?tp=2000000,66
630,https://www.privateproperty.co.za/for-sale/gauteng/johannesburg/northcliff/36?tp=2000000,66
631,https://www.privateproperty.co.za/for-sale/gauteng/johannesburg/northcliff/36?tp=2000000,66
632,https://www.privateproperty.co.za/for-sale/gauteng/johannesburg/northcliff/36?tp=2000000,66
633,https://www.privateproperty.co.za/for-sale/gauteng/johannesburg/northcliff/36?tp=2000000,66
634,https://www.privateproperty.co.za/for-sale/gauteng/johannesburg/northcliff/36?tp=2000000,66
635,https://www.privateproperty.co.za/for-sale/gauteng/johannesburg/northcliff/36?tp=2000000,66
636,https://www.privateproperty.co.za/for-sale/gauteng/johannesburg/northcliff/36?tp=2000000,66
637,https://www.privateproperty.co.za/for-sale/gauteng/johannesburg/northcliff/36?tp=2000000,66
638,https://www.privateproperty.co.za/for-sale/gauteng/johannesburg/northcliff/36?tp=2000000,66
639,https://www.privateproperty.co.za/for-sale/gauteng/johannesburg/northcliff/36?tp=2000000,66
640,https://www.privateproperty.co.za/for-sale/gauteng/johannesburg/northcliff/36?tp=2000000,66
641,https://www.privateproperty.co.za/for-sale/gauteng/johannesburg/northcliff/36?tp=2000000,66
642,https://www.privateproperty.co.za/for-sale/gauteng/johannesburg/northcliff/36?tp=2000000,66
643,https://www.privateproperty.co.za/for-sale/gauteng/johannesburg/northcliff/36?tp=2000000,66
644,https://www.privateproperty.co.za/for-sale/gauteng/johannesburg/northcliff/36?tp=2000000,66
645,https://www.privateproperty.co.za/for-sale/gauteng/johannesburg/northcliff/36?tp=2000000,66
646,https://www.privateproperty.co.za/for-sale/gauteng/johannesburg/northcliff/36?tp=2000000,66
647,https://www.privateproperty.co.za/for-sale/gauteng/johannesburg/northcliff/36?tp=2000000,66
648,https://www.privateproperty.co.za/for-sale/gauteng/johannesburg/northcliff/36?tp=2000000,66
649,https://www.privateproperty.co.za/for-sale/gauteng/johannesburg/northcliff/36?tp=2000000,66
650,https://www.privateproperty.co.za/for-sale/gauteng/johannesburg/northcliff/36?tp=2000000,66
651,https://www.privateproperty.co.za/for-sale/gauteng/johannesburg/northcliff/36?tp=2000000,66
652,https://www.privateproperty.co.za/for-sale/gauteng/johannesburg/northcliff/36?tp=2000000,66
653,https://www.privateproperty.co.za/for-sale/gauteng/johannesburg/northcliff/36?tp=2000000,66
654,https://www.privateproperty.co.za/for-sale/gauteng/johannesburg/northcliff/36?tp=2000000,66
655,https://www.privateproperty.co.za/for-sale/gauteng/johannesburg/northcliff/36?tp=2000000,66
656,https://www.privateproperty.co.za/for-sale/gauteng/johannesburg/northcliff/36?tp=2000000,66
657,https://www.privateproperty.co.za/for-sale/gauteng/johannesburg/northcliff/36?tp=2000000,66
658,https://www.privateproperty.co.za/for-sale/gauteng/johannesburg/northcliff/36?tp=2000000,66
659,https://www.privateproperty.co.za/for-sale/gauteng/johannesburg/northcliff/36?tp=2000000,66
660,https://www.privateproperty.co.za/for-sale/gauteng/johannesburg/northcliff/36?tp=2000000,66
661,https://www.privateproperty.co.za/for-sale/gauteng/johannesburg/northcliff/36?tp=2000000,66
662,https://www.privateproperty.co.za/for-sale/gauteng/johannesburg/northcliff/36?tp=2000000,66
663,https://www.privateproperty.co.za/for-sale/gauteng/johannesburg/northcliff/36?tp=2000000,66
664,https://www.privateproperty.co.za/for-sale/gauteng/johannesburg/northcliff/36?tp=2000000,66
665,https://www.privateproperty.co.za/for-sale/gauteng/johannesburg/northcliff/36?tp=2000000,66
666,https://www.privateproperty.co.za/for-sale/gauteng/johannesburg/northcliff/36?tp=2000000,66
667,https://www.privateproperty.co.za/for-sale/gauteng/johannesburg/northcliff/36?tp=2000000,66
668,https://www.privateproperty.co.za/for-sale/gauteng/johannesburg/northcliff/36?tp=2000000,66
669,https://www.privateproperty.co.za/for-sale/gauteng/johannesburg/northcliff/36?tp=2000000,66
670,https://www.privateproperty.co.za/for-sale/gauteng/johannesburg/northcliff/36?tp=2000000,66
671,https://www.privateproperty.co.za/for-sale/gauteng/johannesburg/northcliff/36?tp=2000000,66
672,https://www.privateproperty.co.za/for-sale/gauteng/johannesburg/northcliff/36?tp=2000000,66
673,https://www.privateproperty.co.za/for-sale/gauteng/johannesburg/northcliff/36?tp=2000000,66
674,https://www.privateproperty.co.za/for-sale/gauteng/johannesburg/northcliff/36?tp=2000000,66
675,https://www.privateproperty.co.za/for-sale/gauteng/johannesburg/northcliff/36?tp=2000000,66
676,https://www.privateproperty.co.za/for-sale/gauteng/johannesburg/northcliff/36?tp=2000000,66
677,https://www.privateproperty.co.za/for-sale/gauteng/johannesburg/northcliff/36?tp=2000000,66
678,https://www.privateproperty.co.za/for-sale/gauteng/johannesburg/northcliff/36?tp=2000000,66
679,https://www.privateproperty.co.za/for-sale/gauteng/johannesburg/northcliff/36?tp=2000000,66
680,https://www.privateproperty.co.za/for-sale/gauteng/johannesburg/northcliff/36?tp=2000000,66
681,https://www.privateproperty.co.za/for-sale/gauteng/johannesburg/northcliff/36?tp=2000000,66
682,https://www.privateproperty.co.za/for-sale/gauteng/johannesburg/northcliff/36?tp=2000000,66
683,https://www.privateproperty.co.za/for-sale/gauteng/johannesburg/northcliff/36?tp=2000000,66
684,https://www.privateproperty.co.za/for-sale/gauteng/johannesburg/northcliff/36?tp=2000000,66
685,https://www.privateproperty.co.za/for-sale/gauteng/johannesburg/northcliff/36?tp=2000000,66
686,https://www.privateproperty.co.za/for-sale/gauteng/johannesburg/randburg-and-ferndale/35?tp=2000000,56
687,https://www.privateproperty.co.za/for-sale/gauteng/johannesburg/randburg-and-ferndale/35?tp=2000000,56
688,https://www.privateproperty.co.za/for-sale/gauteng/johannesburg/randburg-and-ferndale/35?tp=2000000,56
689,https://www.privateproperty.co.za/for-sale/gauteng/johannesburg/randburg-and-ferndale/35?tp=2000000,56
690,https://www.privateproperty.co.za/for-sale/gauteng/johannesburg/randburg-and-ferndale/35?tp=2000000,56
691,https://www.privateproperty.co.za/for-sale/gauteng/johannesburg/randburg-and-ferndale/35?tp=2000000,56
692,https://www.privateproperty.co.za/for-sale/gauteng/johannesburg/randburg-and-ferndale/35?tp=2000000,56
693,https://www.privateproperty.co.za/for-sale/gauteng/johannesburg/randburg-and-ferndale/35?tp=2000000,56
694,https://www.privateproperty.co.za/for-sale/gauteng/johannesburg/randburg-and-ferndale/35?tp=2000000,56
695,https://www.privateproperty.co.za/for-sale/gauteng/johannesburg/randburg-and-ferndale/35?tp=2000000,56
696,https://www.privateproperty.co.za/for-sale/gauteng/johannesburg/randburg-and-ferndale/35?tp=2000000,56
697,https://www.privateproperty.co.za/for-sale/gauteng/johannesburg/randburg-and-ferndale/35?tp=2000000,56
698,https://www.privateproperty.co.za/for-sale/gauteng/johannesburg/randburg-and-ferndale/35?tp=2000000,56
699,https://www.privateproperty.co.za/for-sale/gauteng/johannesburg/randburg-and-ferndale/35?tp=2000000,56
700,https://www.privateproperty.co.za/for-sale/gauteng/johannesburg/randburg-and-ferndale/35?tp=2000000,56
701,https://www.privateproperty.co.za/for-sale/gauteng/johannesburg/randburg-and-ferndale/35?tp=2000000,56
702,https://www.privateproperty.co.za/for-sale/gauteng/johannesburg/randburg-and-ferndale/35?tp=2000000,56
703,https://www.privateproperty.co.za/for-sale/gauteng/johannesburg/randburg-and-ferndale/35?tp=2000000,56
704,https://www.privateproperty.co.za/for-sale/gauteng/johannesburg/randburg-and-ferndale/35?tp=2000000,56
705,https://www.privateproperty.co.za/for-sale/gauteng/johannesburg/randburg-and-ferndale/35?tp=2000000,56
706,https://www.privateproperty.co.za/for-sale/gauteng/johannesburg/randburg-and-ferndale/35?tp=2000000,56
707,https://www.privateproperty.co.za/for-sale/gauteng/johannesburg/randburg-and-ferndale/35?tp=2000000,56
708,https://www.privateproperty.co.za/for-sale/gauteng/johannesburg/randburg-and-ferndale/35?tp=2000000,56
709,https://www.privateproperty.co.za/for-sale/gauteng/johannesburg/randburg-and-ferndale/35?tp=2000000,56
710,https://www.privateproperty.co.za/for-sale/gauteng/johannesburg/randburg-and-ferndale/35?tp=2000000,56
711,https://www.privateproperty.co.za/for-sale/gauteng/johannesburg/randburg-and-ferndale/35?tp=2000000,56
712,https://www.privateproperty.co.za/for-sale/gauteng/johannesburg/randburg-and-ferndale/35?tp=2000000,56
713,https://www.privateproperty.co.za/for-sale/gauteng/johannesburg/randburg-and-ferndale/35?tp=2000000,56
714,https://www.privateproperty.co.za/for-sale/gauteng/johannesburg/randburg-and-ferndale/35?tp=2000000,56
715,https://www.privateproperty.co.za/for-sale/gauteng/johannesburg/randburg-and-ferndale/35?tp=2000000,56
716,https://www.privateproperty.co.za/for-sale/gauteng/johannesburg/randburg-and-ferndale/35?tp=2000000,56
717,https://www.privateproperty.co.za/for-sale/gauteng/johannesburg/randburg-and-ferndale/35?tp=2000000,56
718,https://www.privateproperty.co.za/for-sale/gauteng/johannesburg/randburg-and-ferndale/35?tp=2000000,56
719,https://www.privateproperty.co.za/for-sale/gauteng/johannesburg/randburg-and-ferndale/35?tp=2000000,56
720,https://www.privateproperty.co.za/for-sale/gauteng/johannesburg/randburg-and-ferndale/35?tp=2000000,56
721,https://www.privateproperty.co.za/for-sale/gauteng/johannesburg/randburg-and-ferndale/35?tp=2000000,56
722,https://www.privateproperty.co.za/for-sale/gauteng/johannesburg/randburg-and-ferndale/35?tp=2000000,56
723,https://www.privateproperty.co.za/for-sale/gauteng/johannesburg/randburg-and-ferndale/35?tp=2000000,56
724,https://www.privateproperty.co.za/for-sale/gauteng/johannesburg/randburg-and-ferndale/35?tp=2000000,56
725,https://www.privateproperty.co.za/for-sale/gauteng/johannesburg/randburg-and-ferndale/35?tp=2000000,56
726,https://www.privateproperty.co.za/for-sale/gauteng/johannesburg/randburg-and-ferndale/35?tp=2000000,56
727,https://www.privateproperty.co.za/for-sale/gauteng/johannesburg/randburg-and-ferndale/35?tp=2000000,56
728,https://www.privateproperty.co.za/for-sale/gauteng/johannesburg/randburg-and-ferndale/35?tp=2000000,56
729,https://www.privateproperty.co.za/for-sale/gauteng/johannesburg/randburg-and-ferndale/35?tp=2000000,56
730,https://www.privateproperty.co.za/for-sale/gauteng/johannesburg/randburg-and-ferndale/35?tp=2000000,56
731,https://www.privateproperty.co.za/for-sale/gauteng/johannesburg/randburg-and-ferndale/35?tp=2000000,56
732,https://www.privateproperty.co.za/for-sale/gauteng/johannesburg/randburg-and-ferndale/35?tp=2000000,56
733,https://www.privateproperty.co.za/for-sale/gauteng/johannesburg/randburg-and-ferndale/35?tp=2000000,56
734,https://www.privateproperty.co.za/for-sale/gauteng/johannesburg/randburg-and-ferndale/35?tp=2000000,56
735,https://www.privateproperty.co.za/for-sale/gauteng/johannesburg/randburg-and-ferndale/35?tp=2000000,56
736,https://www.privateproperty.co.za/for-sale/gauteng/johannesburg/randburg-and-ferndale/35?tp=2000000,56
737,https://www.privateproperty.co.za/for-sale/gauteng/johannesburg/randburg-and-ferndale/35?tp=2000000,56
738,https://www.privateproperty.co.za/for-sale/gauteng/johannesburg/randburg-and-ferndale/35?tp=2000000,56
739,https://www.privateproperty.co.za/for-sale/gauteng/johannesburg/randburg-and-ferndale/35?tp=2000000,56
740,https://www.privateproperty.co.za/for-sale/gauteng/johannesburg/randburg-and-ferndale/35?tp=2000000,56
741,https://www.privateproperty.co.za/for-sale/gauteng/johannesburg/randburg-and-ferndale/35?tp=2000000,56
742,https://www.privateproperty.co.za/for-sale/gauteng/johannesburg/sandton-and-bryanston-north/34?tp=2000000,146
743,https://www.privateproperty.co.za/for-sale/gauteng/johannesburg/sandton-and-bryanston-north/34?tp=2000000,146
744,https://www.privateproperty.co.za/for-sale/gauteng/johannesburg/sandton-and-bryanston-north/34?tp=2000000,146
745,https://www.privateproperty.co.za/for-sale/gauteng/johannesburg/sandton-and-bryanston-north/34?tp=2000000,146
746,https://www.privateproperty.co.za/for-sale/gauteng/johannesburg/sandton-and-bryanston-north/34?tp=2000000,146
747,https://www.privateproperty.co.za/for-sale/gauteng/johannesburg/sandton-and-bryanston-north/34?tp=2000000,146
748,https://www.privateproperty.co.za/for-sale/gauteng/johannesburg/sandton-and-bryanston-north/34?tp=2000000,146
749,https://www.privateproperty.co.za/for-sale/gauteng/johannesburg/sandton-and-bryanston-north/34?tp=2000000,146
750,https://www.privateproperty.co.za/for-sale/gauteng/johannesburg/sandton-and-bryanston-north/34?tp=2000000,146
751,https://www.privateproperty.co.za/for-sale/gauteng/johannesburg/sandton-and-bryanston-north/34?tp=2000000,146
752,https://www.privateproperty.co.za/for-sale/gauteng/johannesburg/sandton-and-bryanston-north/34?tp=2000000,146
753,https://www.privateproperty.co.za/for-sale/gauteng/johannesburg/sandton-and-bryanston-north/34?tp=2000000,146
754,https://www.privateproperty.co.za/for-sale/gauteng/johannesburg/sandton-and-bryanston-north/34?tp=2000000,146
755,https://www.privateproperty.co.za/for-sale/gauteng/johannesburg/sandton-and-bryanston-north/34?tp=2000000,146
756,https://www.privateproperty.co.za/for-sale/gauteng/johannesburg/sandton-and-bryanston-north/34?tp=2000000,146
757,https://www.privateproperty.co.za/for-sale/gauteng/johannesburg/sandton-and-bryanston-north/34?tp=2000000,146
758,https://www.privateproperty.co.za/for-sale/gauteng/johannesburg/sandton-and-bryanston-north/34?tp=2000000,146
759,https://www.privateproperty.co.za/for-sale/gauteng/johannesburg/sandton-and-bryanston-north/34?tp=2000000,146
760,https://www.privateproperty.co.za/for-sale/gauteng/johannesburg/sandton-and-bryanston-north/34?tp=2000000,146
761,https://www.privateproperty.co.za/for-sale/gauteng/johannesburg/sandton-and-bryanston-north/34?tp=2000000,146
762,https://www.privateproperty.co.za/for-sale/gauteng/johannesburg/sandton-and-bryanston-north/34?tp=2000000,146
763,https://www.privateproperty.co.za/for-sale/gauteng/johannesburg/sandton-and-bryanston-north/34?tp=2000000,146
764,https://www.privateproperty.co.za/for-sale/gauteng/johannesburg/sandton-and-bryanston-north/34?tp=2000000,146
765,https://www.privateproperty.co.za/for-sale/gauteng/johannesburg/sandton-and-bryanston-north/34?tp=2000000,146
766,https://www.privateproperty.co.za/for-sale/gauteng/johannesburg/sandton-and-bryanston-north/34?tp=2000000,146
767,https://www.privateproperty.co.za/for-sale/gauteng/johannesburg/sandton-and-bryanston-north/34?tp=2000000,146
768,https://www.privateproperty.co.za/for-sale/gauteng/johannesburg/sandton-and-bryanston-north/34?tp=2000000,146
769,https://www.privateproperty.co.za/for-sale/gauteng/johannesburg/sandton-and-bryanston-north/34?tp=2000000,146
770,https://www.privateproperty.co.za/for-sale/gauteng/johannesburg/sandton-and-bryanston-north/34?tp=2000000,146
771,https://www.privateproperty.co.za/for-sale/gauteng/johannesburg/sandton-and-bryanston-north/34?tp=2000000,146
772,https://www.privateproperty.co.za/for-sale/gauteng/johannesburg/sandton-and-bryanston-north/34?tp=2000000,146
773,https://www.privateproperty.co.za/for-sale/gauteng/johannesburg/sandton-and-bryanston-north/34?tp=2000000,146
774,https://www.privateproperty.co.za/for-sale/gauteng/johannesburg/sandton-and-bryanston-north/34?tp=2000000,146
775,https://www.privateproperty.co.za/for-sale/gauteng/johannesburg/sandton-and-bryanston-north/34?tp=2000000,146
776,https://www.privateproperty.co.za/for-sale/gauteng/johannesburg/sandton-and-bryanston-north/34?tp=2000000,146
777,https://www.privateproperty.co.za/for-sale/gauteng/johannesburg/sandton-and-bryanston-north/34?tp=2000000,146
778,https://www.privateproperty.co.za/for-sale/gauteng/johannesburg/sandton-and-bryanston-north/34?tp=2000000,146
779,https://www.privateproperty.co.za/for-sale/gauteng/johannesburg/sandton-and-bryanston-north/34?tp=2000000,146
780,https://www.privateproperty.co.za/for-sale/gauteng/johannesburg/sandton-and-bryanston-north/34?tp=2000000,146
781,https://www.privateproperty.co.za/for-sale/gauteng/johannesburg/sandton-and-bryanston-north/34?tp=2000000,146
782,https://www.privateproperty.co.za/for-sale/gauteng/johannesburg/sandton-and-bryanston-north/34?tp=2000000,146
783,https://www.privateproperty.co.za/for-sale/gauteng/johannesburg/sandton-and-bryanston-north/34?tp=2000000,146
784,https://www.privateproperty.co.za/for-sale/gauteng/johannesburg/sandton-and-bryanston-north/34?tp=2000000,146
785,https://www.privateproperty.co.za/for-sale/gauteng/johannesburg/sandton-and-bryanston-north/34?tp=2000000,146
786,https://www.privateproperty.co.za/for-sale/gauteng/johannesburg/sandton-and-bryanston-north/34?tp=2000000,146
787,https://www.privateproperty.co.za/for-sale/gauteng/johannesburg/sandton-and-bryanston-north/34?tp=2000000,146
788,https://www.privateproperty.co.za/for-sale/gauteng/johannesburg/sandton-and-bryanston-north/34?tp=2000000,146
789,https://www.privateproperty.co.za/for-sale/gauteng/johannesburg/sandton-and-bryanston-north/34?tp=2000000,146
790,https://www.privateproperty.co.za/for-sale/gauteng/johannesburg/sandton-and-bryanston-north/34?tp=2000000,146
791,https://www.privateproperty.co.za/for-sale/gauteng/johannesburg/sandton-and-bryanston-north/34?tp=2000000,146
792,https://www.privateproperty.co.za/for-sale/gauteng/johannesburg/sandton-and-bryanston-north/34?tp=2000000,146
793,https://www.privateproperty.co.za/for-sale/gauteng/johannesburg/sandton-and-bryanston-north/34?tp=2000000,146
794,https://www.privateproperty.co.za/for-sale/gauteng/johannesburg/sandton-and-bryanston-north/34?tp=2000000,146
795,https://www.privateproperty.co.za/for-sale/gauteng/johannesburg/sandton-and-bryanston-north/34?tp=2000000,146
796,https://www.privateproperty.co.za/for-sale/gauteng/johannesburg/sandton-and-bryanston-north/34?tp=2000000,146
797,https://www.privateproperty.co.za/for-sale/gauteng/johannesburg/sandton-and-bryanston-north/34?tp=2000000,146
798,https://www.privateproperty.co.za/for-sale/gauteng/johannesburg/sandton-and-bryanston-north/34?tp=2000000,146
799,https://www.privateproperty.co.za/for-sale/gauteng/johannesburg/sandton-and-bryanston-north/34?tp=2000000,146
800,https://www.privateproperty.co.za/for-sale/gauteng/johannesburg/sandton-and-bryanston-north/34?tp=2000000,146
801,https://www.privateproperty.co.za/for-sale/gauteng/johannesburg/sandton-and-bryanston-north/34?tp=2000000,146
802,https://www.privateproperty.co.za/for-sale/gauteng/johannesburg/sandton-and-bryanston-north/34?tp=2000000,146
803,https://www.privateproperty.co.za/for-sale/gauteng/johannesburg/sandton-and-bryanston-north/34?tp=2000000,146
804,https://www.privateproperty.co.za/for-sale/gauteng/johannesburg/sandton-and-bryanston-north/34?tp=2000000,146
805,https://www.privateproperty.co.za/for-sale/gauteng/johannesburg/sandton-and-bryanston-north/34?tp=2000000,146
806,https://www.privateproperty.co.za/for-sale/gauteng/johannesburg/sandton-and-bryanston-north/34?tp=2000000,146
807,https://www.privateproperty.co.za/for-sale/gauteng/johannesburg/sandton-and-bryanston-north/34?tp=2000000,146
808,https://www.privateproperty.co.za/for-sale/gauteng/johannesburg/sandton-and-bryanston-north/34?tp=2000000,146
809,https://www.privateproperty.co.za/for-sale/gauteng/johannesburg/sandton-and-bryanston-north/34?tp=2000000,146
810,https://www.privateproperty.co.za/for-sale/gauteng/johannesburg/sandton-and-bryanston-north/34?tp=2000000,146
811,https://www.privateproperty.co.za/for-sale/gauteng/johannesburg/sandton-and-bryanston-north/34?tp=2000000,146
812,https://www.privateproperty.co.za/for-sale/gauteng/johannesburg/sandton-and-bryanston-north/34?tp=2000000,146
813,https://www.privateproperty.co.za/for-sale/gauteng/johannesburg/sandton-and-bryanston-north/34?tp=2000000,146
814,https://www.privateproperty.co.za/for-sale/gauteng/johannesburg/sandton-and-bryanston-north/34?tp=2000000,146
815,https://www.privateproperty.co.za/for-sale/gauteng/johannesburg/sandton-and-bryanston-north/34?tp=2000000,146
816,https://www.privateproperty.co.za/for-sale/gauteng/johannesburg/sandton-and-bryanston-north/34?tp=2000000,146
817,https://www.privateproperty.co.za/for-sale/gauteng/johannesburg/sandton-and-bryanston-north/34?tp=2000000,146
818,https://www.privateproperty.co.za/for-sale/gauteng/johannesburg/sandton-and-bryanston-north/34?tp=2000000,146
819,https://www.privateproperty.co.za/for-sale/gauteng/johannesburg/sandton-and-bryanston-north/34?tp=2000000,146
820,https://www.privateproperty.co.za/for-sale/gauteng/johannesburg/sandton-and-bryanston-north/34?tp=2000000,146
821,https://www.privateproperty.co.za/for-sale/gauteng/johannesburg/sandton-and-bryanston-north/34?tp=2000000,146
822,https://www.privateproperty.co.za/for-sale/gauteng/johannesburg/sandton-and-bryanston-north/34?tp=2000000,146
823,https://www.privateproperty.co.za/for-sale/gauteng/johannesburg/sandton-and-bryanston-north/34?tp=2000000,146
824,https://www.privateproperty.co.za/for-sale/gauteng/johannesburg/sandton-and-bryanston-north/34?tp=2000000,146
825,https://www.privateproperty.co.za/for-sale/gauteng/johannesburg/sandton-and-bryanston-north/34?tp=2000000,146
826,https://www.privateproperty.co.za/for-sale/gauteng/johannesburg/sandton-and-bryanston-north/34?tp=2000000,146
827,https://www.privateproperty.co.za/for-sale/gauteng/johannesburg/sandton-and-bryanston-north/34?tp=2000000,146
828,https://www.privateproperty.co.za/for-sale/gauteng/johannesburg/sandton-and-bryanston-north/34?tp=2000000,146
829,https://www.privateproperty.co.za/for-sale/gauteng/johannesburg/sandton-and-bryanston-north/34?tp=2000000,146
830,https://www.privateproperty.co.za/for-sale/gauteng/johannesburg/sandton-and-bryanston-north/34?tp=2000000,146
831,https://www.privateproperty.co.za/for-sale/gauteng/johannesburg/sandton-and-bryanston-north/34?tp=2000000,146
832,https://www.privateproperty.co.za/for-sale/gauteng/johannesburg/sandton-and-bryanston-north/34?tp=2000000,146
833,https://www.privateproperty.co.za/for-sale/gauteng/johannesburg/sandton-and-bryanston-north/34?tp=2000000,146
834,https://www.privateproperty.co.za/for-sale/gauteng/johannesburg/sandton-and-bryanston-north/34?tp=2000000,146
835,https://www.privateproperty.co.za/for-sale/gauteng/johannesburg/sandton-and-bryanston-north/34?tp=2000000,146
836,https://www.privateproperty.co.za/for-sale/gauteng/johannesburg/sandton-and-bryanston-north/34?tp=2000000,146
837,https://www.privateproperty.co.za/for-sale/gauteng/johannesburg/sandton-and-bryanston-north/34?tp=2000000,146
838,https://www.privateproperty.co.za/for-sale/gauteng/johannesburg/sandton-and-bryanston-north/34?tp=2000000,146
839,https://www.privateproperty.co.za/for-sale/gauteng/johannesburg/sandton-and-bryanston-north/34?tp=2000000,146
840,https://www.privateproperty.co.za/for-sale/gauteng/johannesburg/sandton-and-bryanston-north/34?tp=2000000,146
841,https://www.privateproperty.co.za/for-sale/gauteng/johannesburg/sandton-and-bryanston-north/34?tp=2000000,146
842,https://www.privateproperty.co.za/for-sale/gauteng/johannesburg/sandton-and-bryanston-north/34?tp=2000000,146
843,https://www.privateproperty.co.za/for-sale/gauteng/johannesburg/sandton-and-bryanston-north/34?tp=2000000,146
844,https://www.privateproperty.co.za/for-sale/gauteng/johannesburg/sandton-and-bryanston-north/34?tp=2000000,146
845,https://www.privateproperty.co.za/for-sale/gauteng/johannesburg/sandton-and-bryanston-north/34?tp=2000000,146
846,https://www.privateproperty.co.za/for-sale/gauteng/johannesburg/sandton-and-bryanston-north/34?tp=2000000,146
847,https://www.privateproperty.co.za/for-sale/gauteng/johannesburg/sandton-and-bryanston-north/34?tp=2000000,146
848,https://www.privateproperty.co.za/for-sale/gauteng/johannesburg/sandton-and-bryanston-north/34?tp=2000000,146
849,https://www.privateproperty.co.za/for-sale/gauteng/johannesburg/sandton-and-bryanston-north/34?tp=2000000,146
850,https://www.privateproperty.co.za/for-sale/gauteng/johannesburg/sandton-and-bryanston-north/34?tp=2000000,146
851,https://www.privateproperty.co.za/for-sale/gauteng/johannesburg/sandton-and-bryanston-north/34?tp=2000000,146
852,https://www.privateproperty.co.za/for-sale/gauteng/johannesburg/sandton-and-bryanston-north/34?tp=2000000,146
853,https://www.privateproperty.co.za/for-sale/gauteng/johannesburg/sandton-and-bryanston-north/34?tp=2000000,146
854,https://www.privateproperty.co.za/for-sale/gauteng/johannesburg/sandton-and-bryanston-north/34?tp=2000000,146
855,https://www.privateproperty.co.za/for-sale/gauteng/johannesburg/sandton-and-bryanston-north/34?tp=2000000,146
856,https://www.privateproperty.co.za/for-sale/gauteng/johannesburg/sandton-and-bryanston-north/34?tp=2000000,146
857,https://www.privateproperty.co.za/for-sale/gauteng/johannesburg/sandton-and-bryanston-north/34?tp=2000000,146
858,https://www.privateproperty.co.za/for-sale/gauteng/johannesburg/sandton-and-bryanston-north/34?tp=2000000,146
859,https://www.privateproperty.co.za/for-sale/gauteng/johannesburg/sandton-and-bryanston-north/34?tp=2000000,146
860,https://www.privateproperty.co.za/for-sale/gauteng/johannesburg/sandton-and-bryanston-north/34?tp=2000000,146
861,https://www.privateproperty.co.za/for-sale/gauteng/johannesburg/sandton-and-bryanston-north/34?tp=2000000,146
862,https://www.privateproperty.co.za/for-sale/gauteng/johannesburg/sandton-and-bryanston-north/34?tp=2000000,146
863,https://www.privateproperty.co.za/for-sale/gauteng/johannesburg/sandton-and-bryanston-north/34?tp=2000000,146
864,https://www.privateproperty.co.za/for-sale/gauteng/johannesburg/sandton-and-bryanston-north/34?tp=2000000,146
865,https://www.privateproperty.co.za/for-sale/gauteng/johannesburg/sandton-and-bryanston-north/34?tp=2000000,146
866,https://www.privateproperty.co.za/for-sale/gauteng/johannesburg/sandton-and-bryanston-north/34?tp=2000000,146
867,https://www.privateproperty.co.za/for-sale/gauteng/johannesburg/sandton-and-bryanston-north/34?tp=2000000,146
868,https://www.privateproperty.co.za/for-sale/gauteng/johannesburg/sandton-and-bryanston-north/34?tp=2000000,146
869,https://www.privateproperty.co.za/for-sale/gauteng/johannesburg/sandton-and-bryanston-north/34?tp=2000000,146
870,https://www.privateproperty.co.za/for-sale/gauteng/johannesburg/sandton-and-bryanston-north/34?tp=2000000,146
871,https://www.privateproperty.co.za/for-sale/gauteng/johannesburg/sandton-and-bryanston-north/34?tp=2000000,146
872,https://www.privateproperty.co.za/for-sale/gauteng/johannesburg/sandton-and-bryanston-north/34?tp=2000000,146
873,https://www.privateproperty.co.za/for-sale/gauteng/johannesburg/sandton-and-bryanston-north/34?tp=2000000,146
874,https://www.privateproperty.co.za/for-sale/gauteng/johannesburg/sandton-and-bryanston-north/34?tp=2000000,146
875,https://www.privateproperty.co.za/for-sale/gauteng/johannesburg/sandton-and-bryanston-north/34?tp=2000000,146
876,https://www.privateproperty.co.za/for-sale/gauteng/johannesburg/sandton-and-bryanston-north/34?tp=2000000,146
877,https://www.privateproperty.co.za/for-sale/gauteng/johannesburg/sandton-and-bryanston-north/34?tp=2000000,146
878,https://www.privateproperty.co.za/for-sale/gauteng/johannesburg/sandton-and-bryanston-north/34?tp=2000000,146
879,https://www.privateproperty.co.za/for-sale/gauteng/johannesburg/sandton-and-bryanston-north/34?tp=2000000,146
880,https://www.privateproperty.co.za/for-sale/gauteng/johannesburg/sandton-and-bryanston-north/34?tp=2000000,146
881,https://www.privateproperty.co.za/for-sale/gauteng/johannesburg/sandton-and-bryanston-north/34?tp=2000000,146
882,https://www.privateproperty.co.za/for-sale/gauteng/johannesburg/sandton-and-bryanston-north/34?tp=2000000,146
883,https://www.privateproperty.co.za/for-sale/gauteng/johannesburg/sandton-and-bryanston-north/34?tp=2000000,146
884,https://www.privateproperty.co.za/for-sale/gauteng/johannesburg/sandton-and-bryanston-north/34?tp=2000000,146
885,https://www.privateproperty.co.za/for-sale/gauteng/johannesburg/sandton-and-bryanston-north/34?tp=2000000,146
886,https://www.privateproperty.co.za/for-sale/gauteng/johannesburg/sandton-and-bryanston-north/34?tp=2000000,146
887,https://www.privateproperty.co.za/for-sale/gauteng/johannesburg/sandton-and-bryanston-north/34?tp=2000000,146
