title,href,price,property_type,main_features,key_main_features,Floor Area,Land Area,Rates,Levy,Bedrooms,Bathrooms,Province,City,Suburb,Area,Listing Number,Sold Date
2 Bed Duplex in Senderwood,https://www.privateproperty.co.za/for-sale/gauteng/johannesburg/bedfordview/senderwood/4-glenwood/12-chaucer-road/T4377343,Sold,Duplex,,,143 ,,R 771,,2,2.5,gauteng,johannesburg,bedfordview,senderwood,T4377343,2024-02-26
2 Bed Apartment in Meadowbrook,https://www.privateproperty.co.za/for-sale/gauteng/johannesburg/bedfordview/meadowbrook/64-eden-village/18-margaret/T4468608,Sold,Apartment,,,,,R 770,R 2700,2,1,gauteng,johannesburg,bedfordview,meadowbrook,T4468608,2024-02-26
2 Bed Apartment in Bedfordview,https://www.privateproperty.co.za/for-sale/gauteng/johannesburg/bedfordview/bedfordview/T4093121,Sold,Apartment,,,99 ,,R 964,,2,2,gauteng,johannesburg,bedfordview,bedfordview,T4093121,2024-02-26
3 Bed Duplex in Bedford Gardens,https://www.privateproperty.co.za/for-sale/gauteng/johannesburg/bedfordview/bedford-gardens/T4469480,Sold,Duplex,,,100 ,,R 607,,3,1,gauteng,johannesburg,bedfordview,bedford-gardens,T4469480,2024-02-26
2 Bed Apartment in Dainfern,https://www.privateproperty.co.za/for-sale/gauteng/johannesburg/fourways-sunninghill-and-lonehill/dainfern/T4443985,Sold,Apartment,,,136 ,,R 799,,2,2,gauteng,johannesburg,fourways-sunninghill-and-lonehill,dainfern,T4443985,2024-02-26
1 Bed Apartment in Paulshof,https://www.privateproperty.co.za/for-sale/gauteng/johannesburg/fourways-sunninghill-and-lonehill/paulshof/53b-the-algarve/1-mount-fletcher-lane/T4462342,Sold,Apartment,,,63 ,2.3 ha,,,1,1,gauteng,johannesburg,fourways-sunninghill-and-lonehill,paulshof,T4462342,2024-02-26
1 Bed Apartment in Sunninghill,https://www.privateproperty.co.za/for-sale/gauteng/johannesburg/fourways-sunninghill-and-lonehill/sunninghill/501-cubana/62-nanyuki-road/T4328580,Sold,Apartment,,,85 ,1.5 ha,,,1,1,gauteng,johannesburg,fourways-sunninghill-and-lonehill,sunninghill,T4328580,2024-02-26
2 Bed Townhouse in Douglasdale,https://www.privateproperty.co.za/for-sale/gauteng/johannesburg/fourways-sunninghill-and-lonehill/douglasdale/7-ss-northernview/90-douglas-drive/T4425311,Sold,Townhouse,,,92 ,9223 m²,,,2,2.5,gauteng,johannesburg,fourways-sunninghill-and-lonehill,douglasdale,T4425311,2024-02-26
2 Bed Apartment in Fourways,https://www.privateproperty.co.za/for-sale/gauteng/johannesburg/fourways-sunninghill-and-lonehill/fourways/T4428635,Sold,Apartment,,,93 ,1.2 ha,,,2,2,gauteng,johannesburg,fourways-sunninghill-and-lonehill,fourways,T4428635,2024-02-26
1 Bed Apartment in Dainfern,https://www.privateproperty.co.za/for-sale/gauteng/johannesburg/fourways-sunninghill-and-lonehill/dainfern/150-the-paddocks/3437-william-nicol-drive/T4283857,Sold,Apartment,,,32 ,,R 355,,1,1,gauteng,johannesburg,fourways-sunninghill-and-lonehill,dainfern,T4283857,2024-02-26
1 Bed Apartment in Sunninghill,https://www.privateproperty.co.za/for-sale/gauteng/johannesburg/fourways-sunninghill-and-lonehill/sunninghill/500-shimbali-sands/00-naivasha-road/T4365146,Sold,Apartment,,,52 ,,R 1200,,1,1,gauteng,johannesburg,fourways-sunninghill-and-lonehill,sunninghill,T4365146,2024-02-26
1 Bed Apartment in Sunninghill,https://www.privateproperty.co.za/for-sale/gauteng/johannesburg/fourways-sunninghill-and-lonehill/sunninghill/52-ss-the-crest/19-naivasha-road/T4399200,Sold,Apartment,,,52 ,1 ha,,,1,1,gauteng,johannesburg,fourways-sunninghill-and-lonehill,sunninghill,T4399200,2024-02-26
2 Bed Apartment in Lonehill,https://www.privateproperty.co.za/for-sale/gauteng/johannesburg/fourways-sunninghill-and-lonehill/lonehill/289-soho-lofts/T3817966,Sold,Apartment,,,61 ,,R 560,,2,1,gauteng,johannesburg,fourways-sunninghill-and-lonehill,lonehill,T3817966,2024-02-26
2 Bed Townhouse in Paulshof,https://www.privateproperty.co.za/for-sale/gauteng/johannesburg/fourways-sunninghill-and-lonehill/paulshof/58-bryan-brook/220-witkoppen-street/Z45511,Sold,Townhouse,,,89 ,,R 724,,2,2,gauteng,johannesburg,fourways-sunninghill-and-lonehill,paulshof,Z45511,2024-02-26
2 Bed Apartment in Douglasdale,https://www.privateproperty.co.za/for-sale/gauteng/johannesburg/fourways-sunninghill-and-lonehill/douglasdale/115-inyati-sands/17-leslie-drive/T4418400,Sold,Apartment,,,86 ,,R 600,,2,1,gauteng,johannesburg,fourways-sunninghill-and-lonehill,douglasdale,T4418400,2024-02-26
2 Bed Apartment in Douglasdale,https://www.privateproperty.co.za/for-sale/gauteng/johannesburg/fourways-sunninghill-and-lonehill/douglasdale/239-inyati-sands/239-leslie-avenue/T4418345,Sold,Apartment,,,86 ,50 m²,,,2,1,gauteng,johannesburg,fourways-sunninghill-and-lonehill,douglasdale,T4418345,2024-02-26
2 Bed Apartment in Fourways,https://www.privateproperty.co.za/for-sale/gauteng/johannesburg/fourways-sunninghill-and-lonehill/fourways/122-soho-lofts/9-soho-lane-beverley/T4328895,Sold,Apartment,,,69 ,,R 460,,2,2,gauteng,johannesburg,fourways-sunninghill-and-lonehill,fourways,T4328895,2024-02-26
2 Bed Apartment in Craigavon,https://www.privateproperty.co.za/for-sale/gauteng/johannesburg/fourways-sunninghill-and-lonehill/craigavon/2202-cedar-acres-estate/39-inchanga-road/T4211015,Sold,Apartment,,,69 ,6962 m²,,,2,1,gauteng,johannesburg,fourways-sunninghill-and-lonehill,craigavon,T4211015,2024-02-26
3 Bed Apartment in Douglasdale,https://www.privateproperty.co.za/for-sale/gauteng/johannesburg/fourways-sunninghill-and-lonehill/douglasdale/27-bentley-park/1-holley-close/T4383105,Sold,Apartment,,,112 ,,R 608,,3,2,gauteng,johannesburg,fourways-sunninghill-and-lonehill,douglasdale,T4383105,2024-02-26
2 Bed Townhouse in Fourways,https://www.privateproperty.co.za/for-sale/gauteng/johannesburg/fourways-sunninghill-and-lonehill/fourways/1-cedar-hills-private-estate/1-cedar-avenue-west/T4327950,Sold,Townhouse,,,104 ,9.5 ha,,,2,2,gauteng,johannesburg,fourways-sunninghill-and-lonehill,fourways,T4327950,2024-02-26
3 Bed House in Lonehill,https://www.privateproperty.co.za/for-sale/gauteng/johannesburg/fourways-sunninghill-and-lonehill/lonehill/39-lonehill-mews/50-concourse-crescent/T4233710,Sold,House,,,140 ,259 m²,,,3,2,gauteng,johannesburg,fourways-sunninghill-and-lonehill,lonehill,T4233710,2024-02-26
3 Bed House in Craigavon,https://www.privateproperty.co.za/for-sale/gauteng/johannesburg/fourways-sunninghill-and-lonehill/craigavon/32-avignon-street/T4467799,Sold,House,,,172 ,228 m²,,,3,2,gauteng,johannesburg,fourways-sunninghill-and-lonehill,craigavon,T4467799,2024-02-26
2 Bed House in Paulshof,https://www.privateproperty.co.za/for-sale/gauteng/johannesburg/fourways-sunninghill-and-lonehill/paulshof/27-alphen-close/T4345631,Sold,House,,,,482 m²,R 1545,,2,2,gauteng,johannesburg,fourways-sunninghill-and-lonehill,paulshof,T4345631,2024-02-26
3 Bed House in Fourways,https://www.privateproperty.co.za/for-sale/gauteng/johannesburg/fourways-sunninghill-and-lonehill/fourways/1-frederick/T4193395,Sold,House,,,217 ,443 m²,,,3,2,gauteng,johannesburg,fourways-sunninghill-and-lonehill,fourways,T4193395,2024-02-26
2 Bed House in Dainfern,https://www.privateproperty.co.za/for-sale/gauteng/johannesburg/fourways-sunninghill-and-lonehill/dainfern/991-roger-brownie-street/T4462930,Sold,House,,,45 ,,,,2,1,gauteng,johannesburg,fourways-sunninghill-and-lonehill,dainfern,T4462930,2024-02-26
3 Bed Townhouse in Kengies,https://www.privateproperty.co.za/for-sale/gauteng/johannesburg/fourways-sunninghill-and-lonehill/kengies/0-cedarwood/30-lombardy-rd/T4405238,Sold,Townhouse,,,135 ,,,,3,2,gauteng,johannesburg,fourways-sunninghill-and-lonehill,kengies,T4405238,2024-02-26
2 Bed Apartment in Broadacres,https://www.privateproperty.co.za/for-sale/gauteng/johannesburg/fourways-sunninghill-and-lonehill/broadacres/131-the-lombardy/24-lombardy-rd/T4280963,Sold,Apartment,,,92 ,,,,2,2,gauteng,johannesburg,fourways-sunninghill-and-lonehill,broadacres,T4280963,2024-02-26
2 Bed Apartment in Dainfern,https://www.privateproperty.co.za/for-sale/gauteng/johannesburg/fourways-sunninghill-and-lonehill/dainfern/T4363812,Sold,Apartment,,,41 ,1 ha,,,2,1,gauteng,johannesburg,fourways-sunninghill-and-lonehill,dainfern,T4363812,2024-02-26
1 Bed Apartment in Paulshof,https://www.privateproperty.co.za/for-sale/gauteng/johannesburg/fourways-sunninghill-and-lonehill/paulshof/T4017188,Sold,Apartment,,,44 ,8762 m²,,,1,1,gauteng,johannesburg,fourways-sunninghill-and-lonehill,paulshof,T4017188,2024-02-26
1 Bed Apartment in Paulshof,https://www.privateproperty.co.za/for-sale/gauteng/johannesburg/fourways-sunninghill-and-lonehill/paulshof/T4104672,Sold,Apartment,,,51 ,51 m²,,,1,1,gauteng,johannesburg,fourways-sunninghill-and-lonehill,paulshof,T4104672,2024-02-26
1 Bed Apartment in Lonehill,https://www.privateproperty.co.za/for-sale/gauteng/johannesburg/fourways-sunninghill-and-lonehill/lonehill/T4154878,Sold,Apartment,,,52 ,2.4 ha,,,1,1,gauteng,johannesburg,fourways-sunninghill-and-lonehill,lonehill,T4154878,2024-02-26
1 Bed Apartment in Fourways,https://www.privateproperty.co.za/for-sale/gauteng/johannesburg/fourways-sunninghill-and-lonehill/fourways/T4471212,Sold,Apartment,,,59 ,1.9 ha,,,1,1,gauteng,johannesburg,fourways-sunninghill-and-lonehill,fourways,T4471212,2024-02-26
1 Bed Apartment in Paulshof,https://www.privateproperty.co.za/for-sale/gauteng/johannesburg/fourways-sunninghill-and-lonehill/paulshof/T4257250,Sold,Apartment,,,61 ,,R 635,,1,1,gauteng,johannesburg,fourways-sunninghill-and-lonehill,paulshof,T4257250,2024-02-26
1 Bed Apartment in Lonehill,https://www.privateproperty.co.za/for-sale/gauteng/johannesburg/fourways-sunninghill-and-lonehill/lonehill/T4345231,Sold,Apartment,,,52 ,52 m²,,,1,1,gauteng,johannesburg,fourways-sunninghill-and-lonehill,lonehill,T4345231,2024-02-26
2 Bed Apartment in Fourways,https://www.privateproperty.co.za/for-sale/gauteng/johannesburg/fourways-sunninghill-and-lonehill/fourways/T4276814,Sold,Apartment,,,,70 m²,R 566,,2,1,gauteng,johannesburg,fourways-sunninghill-and-lonehill,fourways,T4276814,2024-02-26
1 Bed Apartment in Lonehill,https://www.privateproperty.co.za/for-sale/gauteng/johannesburg/fourways-sunninghill-and-lonehill/lonehill/T4231730,Sold,Apartment,,,51 ,2.2 ha,,,1,1,gauteng,johannesburg,fourways-sunninghill-and-lonehill,lonehill,T4231730,2024-02-26
2 Bed Apartment in Fourways,https://www.privateproperty.co.za/for-sale/gauteng/johannesburg/fourways-sunninghill-and-lonehill/fourways/T4383443,Sold,Apartment,,,110 ,,R 860,,2,2,gauteng,johannesburg,fourways-sunninghill-and-lonehill,fourways,T4383443,2024-02-26
1 Bed Apartment in Sunninghill,https://www.privateproperty.co.za/for-sale/gauteng/johannesburg/fourways-sunninghill-and-lonehill/sunninghill/T4443445,Sold,Apartment,,,84 ,,R 1452,,1,1,gauteng,johannesburg,fourways-sunninghill-and-lonehill,sunninghill,T4443445,2024-02-26
2 Bed Apartment in Sunninghill,https://www.privateproperty.co.za/for-sale/gauteng/johannesburg/fourways-sunninghill-and-lonehill/sunninghill/T4305734,Sold,Apartment,,,85 ,,R 714,,2,1,gauteng,johannesburg,fourways-sunninghill-and-lonehill,sunninghill,T4305734,2024-02-26
2 Bed Apartment in Lonehill,https://www.privateproperty.co.za/for-sale/gauteng/johannesburg/fourways-sunninghill-and-lonehill/lonehill/T4185742,Sold,Apartment,,,70 ,2.5 ha,,,2,1,gauteng,johannesburg,fourways-sunninghill-and-lonehill,lonehill,T4185742,2024-02-26
2 Bed Cluster in Bloubosrand,https://www.privateproperty.co.za/for-sale/gauteng/johannesburg/fourways-sunninghill-and-lonehill/bloubosrand/T4072629,Sold,Cluster,,,,272 m²,R 538,,2,1,gauteng,johannesburg,fourways-sunninghill-and-lonehill,bloubosrand,T4072629,2024-02-26
2 Bed Apartment in Sunninghill,https://www.privateproperty.co.za/for-sale/gauteng/johannesburg/fourways-sunninghill-and-lonehill/sunninghill/T4352608,Sold,Apartment,,,166 ,,,R 2000,2,3,gauteng,johannesburg,fourways-sunninghill-and-lonehill,sunninghill,T4352608,2024-02-26
2 Bed Apartment in Lonehill,https://www.privateproperty.co.za/for-sale/gauteng/johannesburg/fourways-sunninghill-and-lonehill/lonehill/T4471731,Sold,Apartment,,,77 ,,R 378,,2,2,gauteng,johannesburg,fourways-sunninghill-and-lonehill,lonehill,T4471731,2024-02-26
2 Bed Apartment in Douglasdale,https://www.privateproperty.co.za/for-sale/gauteng/johannesburg/fourways-sunninghill-and-lonehill/douglasdale/T4338736,Sold,Apartment,,,102 ,102 m²,,,2,2,gauteng,johannesburg,fourways-sunninghill-and-lonehill,douglasdale,T4338736,2024-02-26
2 Bed Apartment in Douglasdale,https://www.privateproperty.co.za/for-sale/gauteng/johannesburg/fourways-sunninghill-and-lonehill/douglasdale/T4316493,Sold,Apartment,,,102 ,,R 900,,2,2,gauteng,johannesburg,fourways-sunninghill-and-lonehill,douglasdale,T4316493,2024-02-26
2 Bed House in Paulshof,https://www.privateproperty.co.za/for-sale/gauteng/johannesburg/fourways-sunninghill-and-lonehill/paulshof/T4299824,Sold,House,,,80 ,,R 1132,,2,2,gauteng,johannesburg,fourways-sunninghill-and-lonehill,paulshof,T4299824,2024-02-26
3 Bed Apartment in Paulshof,https://www.privateproperty.co.za/for-sale/gauteng/johannesburg/fourways-sunninghill-and-lonehill/paulshof/T4142555,Sold,Apartment,,,166 ,,R 1172,,3,3,gauteng,johannesburg,fourways-sunninghill-and-lonehill,paulshof,T4142555,2024-02-26
2 Bed Townhouse in Douglasdale,https://www.privateproperty.co.za/for-sale/gauteng/johannesburg/fourways-sunninghill-and-lonehill/douglasdale/T4239663,Sold,Townhouse,,,146 ,,R 878,,2,2,gauteng,johannesburg,fourways-sunninghill-and-lonehill,douglasdale,T4239663,2024-02-26
3 Bed Townhouse in Fourways,https://www.privateproperty.co.za/for-sale/gauteng/johannesburg/fourways-sunninghill-and-lonehill/fourways/T4339699,Sold,Townhouse,,,116 ,3287 m²,,,3,2,gauteng,johannesburg,fourways-sunninghill-and-lonehill,fourways,T4339699,2024-02-26
2 Bed Apartment in Paulshof,https://www.privateproperty.co.za/for-sale/gauteng/johannesburg/fourways-sunninghill-and-lonehill/paulshof/T4452960,Sold,Apartment,,,19019 ,109 m²,,,2,2,gauteng,johannesburg,fourways-sunninghill-and-lonehill,paulshof,T4452960,2024-02-26
3 Bed Apartment in Sunninghill,https://www.privateproperty.co.za/for-sale/gauteng/johannesburg/fourways-sunninghill-and-lonehill/sunninghill/T4394005,Sold,Apartment,,,102 ,1 ha,,,3,2,gauteng,johannesburg,fourways-sunninghill-and-lonehill,sunninghill,T4394005,2024-02-26
2 Bed Apartment in Lonehill,https://www.privateproperty.co.za/for-sale/gauteng/johannesburg/fourways-sunninghill-and-lonehill/lonehill/T4265148,Sold,Apartment,,,117 ,,,R 2400,2,2,gauteng,johannesburg,fourways-sunninghill-and-lonehill,lonehill,T4265148,2024-02-26
2 Bed House in Lonehill,https://www.privateproperty.co.za/for-sale/gauteng/johannesburg/fourways-sunninghill-and-lonehill/lonehill/T4398043,Sold,House,,,298 ,,R 1847,,2,2,gauteng,johannesburg,fourways-sunninghill-and-lonehill,lonehill,T4398043,2024-02-26
3 Bed Apartment in Sunninghill,https://www.privateproperty.co.za/for-sale/gauteng/johannesburg/fourways-sunninghill-and-lonehill/sunninghill/T4116971,Sold,Apartment,,,214 ,,R 3500,,3,3,gauteng,johannesburg,fourways-sunninghill-and-lonehill,sunninghill,T4116971,2024-02-26
3 Bed House in Paulshof,https://www.privateproperty.co.za/for-sale/gauteng/johannesburg/fourways-sunninghill-and-lonehill/paulshof/T4453406,Sold,House,,,160 ,389 m²,,,3,3,gauteng,johannesburg,fourways-sunninghill-and-lonehill,paulshof,T4453406,2024-02-26
4 Bed House in Bloubosrand,https://www.privateproperty.co.za/for-sale/gauteng/johannesburg/fourways-sunninghill-and-lonehill/bloubosrand/T4342276,Sold,House,,,,1465 m²,R 780,,4,2,gauteng,johannesburg,fourways-sunninghill-and-lonehill,bloubosrand,T4342276,2024-02-26
3 Bed Duplex in Paulshof,https://www.privateproperty.co.za/for-sale/gauteng/johannesburg/fourways-sunninghill-and-lonehill/paulshof/T4093074,Sold,Duplex,,,105 ,105 m²,,,3,2,gauteng,johannesburg,fourways-sunninghill-and-lonehill,paulshof,T4093074,2024-02-26
4 Bed House in Fourways,https://www.privateproperty.co.za/for-sale/gauteng/johannesburg/fourways-sunninghill-and-lonehill/fourways/T4508026,Sold,House,,,,1800 m²,R 1800,,4,2,gauteng,johannesburg,fourways-sunninghill-and-lonehill,fourways,T4508026,2024-02-26
3 Bed House in Douglasdale,https://www.privateproperty.co.za/for-sale/gauteng/johannesburg/fourways-sunninghill-and-lonehill/douglasdale/T4407742,Sold,House,,,,401 m²,R 1260,,3,2,gauteng,johannesburg,fourways-sunninghill-and-lonehill,douglasdale,T4407742,2024-02-26
3 Bed House in Douglasdale,https://www.privateproperty.co.za/for-sale/gauteng/johannesburg/fourways-sunninghill-and-lonehill/douglasdale/T4411187,Sold,House,,,156 ,497 m²,,,3,2,gauteng,johannesburg,fourways-sunninghill-and-lonehill,douglasdale,T4411187,2024-02-26
2 Bed House in Beverley,https://www.privateproperty.co.za/for-sale/gauteng/johannesburg/fourways-sunninghill-and-lonehill/beverley/T3810052,Sold,House,,,,488 m²,R 1215,,2,2,gauteng,johannesburg,fourways-sunninghill-and-lonehill,beverley,T3810052,2024-02-26
3 Bed House in Craigavon,https://www.privateproperty.co.za/for-sale/gauteng/johannesburg/fourways-sunninghill-and-lonehill/craigavon/T4237913,Sold,House,,,,255 m²,R 991,,3,2.5,gauteng,johannesburg,fourways-sunninghill-and-lonehill,craigavon,T4237913,2024-02-26
2 Bed Townhouse in Paulshof,https://www.privateproperty.co.za/for-sale/gauteng/johannesburg/fourways-sunninghill-and-lonehill/paulshof/T4403474,Sold,Townhouse,,,89 ,,,,2,2,gauteng,johannesburg,fourways-sunninghill-and-lonehill,paulshof,T4403474,2024-02-26
1 Bed Apartment in Paulshof,https://www.privateproperty.co.za/for-sale/gauteng/johannesburg/fourways-sunninghill-and-lonehill/paulshof/T4387790,Sold,Apartment,,,65 ,,,,1,1,gauteng,johannesburg,fourways-sunninghill-and-lonehill,paulshof,T4387790,2024-02-26
2 Bed Apartment in Paulshof,https://www.privateproperty.co.za/for-sale/gauteng/johannesburg/fourways-sunninghill-and-lonehill/paulshof/T4186142,Sold,Apartment,,,89 ,89 m²,,,2,2,gauteng,johannesburg,fourways-sunninghill-and-lonehill,paulshof,T4186142,2024-02-26
2 Bed Apartment in Douglasdale,https://www.privateproperty.co.za/for-sale/gauteng/johannesburg/fourways-sunninghill-and-lonehill/douglasdale/T4305895,Sold,Apartment,,,116 ,2508 m²,,,2,1,gauteng,johannesburg,fourways-sunninghill-and-lonehill,douglasdale,T4305895,2024-02-26
3 Bed Townhouse in Lonehill,https://www.privateproperty.co.za/for-sale/gauteng/johannesburg/fourways-sunninghill-and-lonehill/lonehill/T4463640,Sold,Townhouse,,,,,R 1150,R 2490,3,2,gauteng,johannesburg,fourways-sunninghill-and-lonehill,lonehill,T4463640,2024-02-26
2 Bed Cluster in Lonehill,https://www.privateproperty.co.za/for-sale/gauteng/johannesburg/fourways-sunninghill-and-lonehill/lonehill/T4397794,Sold,Cluster,,,135 ,,,,2,2.5,gauteng,johannesburg,fourways-sunninghill-and-lonehill,lonehill,T4397794,2024-02-26
Studio apartment in Lonehill,https://www.privateproperty.co.za/for-sale/gauteng/johannesburg/fourways-sunninghill-and-lonehill/lonehill/T4355799,Sold,Studio,,,43 ,1152 m²,,,0,1,gauteng,johannesburg,fourways-sunninghill-and-lonehill,lonehill,T4355799,2024-02-26
3 Bed House in Dainfern,https://www.privateproperty.co.za/for-sale/gauteng/johannesburg/fourways-sunninghill-and-lonehill/dainfern/T4287401,Sold,House,,,52 ,222 m²,,,3,1.5,gauteng,johannesburg,fourways-sunninghill-and-lonehill,dainfern,T4287401,2024-02-26
1 Bed House in Sunninghill,https://www.privateproperty.co.za/for-sale/gauteng/johannesburg/fourways-sunninghill-and-lonehill/sunninghill/T4426806,Sold,House,,,,,R 402,R 1802,1,1,gauteng,johannesburg,fourways-sunninghill-and-lonehill,sunninghill,T4426806,2024-02-26
2 Bed Apartment in Fourways,https://www.privateproperty.co.za/for-sale/gauteng/johannesburg/fourways-sunninghill-and-lonehill/fourways/T4482319,Sold,Apartment,,,,,,,2,1,gauteng,johannesburg,fourways-sunninghill-and-lonehill,fourways,T4482319,2024-02-26
3 Bed House in Mondeor,https://www.privateproperty.co.za/for-sale/gauteng/johannesburg/johannesburg-south/mondeor/101-bellefield-avenue/T4351411,Sold,House,,,,1041 m²,R 2400,,3,3,gauteng,johannesburg,johannesburg-south,mondeor,T4351411,2024-02-26
3 Bed House in Mulbarton,https://www.privateproperty.co.za/for-sale/gauteng/johannesburg/johannesburg-south/mulbarton/45-south-road/T4250117,Sold,House,,,274 ,850 m²,,,3,2.5,gauteng,johannesburg,johannesburg-south,mulbarton,T4250117,2024-02-26
2 Bed Apartment in Naturena,https://www.privateproperty.co.za/for-sale/gauteng/johannesburg/johannesburg-south/naturena/45-ss-southern-villas-east/47-daphne-street/T4177400,Sold,Apartment,,,46 ,5394 m²,,,2,1,gauteng,johannesburg,johannesburg-south,naturena,T4177400,2024-02-26
2 Bed House in Moleleki,https://www.privateproperty.co.za/for-sale/gauteng/johannesburg/johannesburg-south/katlehong/6038-moleleki-ext-2/T4480365,Sold,House,,,300 ,242 m²,,,2,2,gauteng,johannesburg,johannesburg-south,katlehong,T4480365,2024-02-26
3 Bed Apartment in Suideroord,https://www.privateproperty.co.za/for-sale/gauteng/johannesburg/johannesburg-south/suideroord/115-chelsea-mews/13-ferdinand-street/T4303174,Sold,Apartment,,,70 ,,R 464,,3,1,gauteng,johannesburg,johannesburg-south,suideroord,T4303174,2024-02-26
3 Bed House in Sky City,https://www.privateproperty.co.za/for-sale/gauteng/johannesburg/johannesburg-south/sky-city/1968-pencil-street/T4270614,Sold,House,,,175 ,306 m²,,,3,2,gauteng,johannesburg,johannesburg-south,sky-city,T4270614,2024-02-26
3 Bed House in Forest Hill,https://www.privateproperty.co.za/for-sale/gauteng/johannesburg/johannesburg-south/forest-hill/44-stamford-street/T4376262,Sold,House,,,,495 m²,R 1300,,3,1,gauteng,johannesburg,johannesburg-south,forest-hill,T4376262,2024-02-26
2 Bed Apartment in Winchester Hills,https://www.privateproperty.co.za/for-sale/gauteng/johannesburg/johannesburg-south/winchester-hills/38-san-giorgio/91-delphinium-street/T4403946,Sold,Apartment,,,105 ,1 ha,,,2,2,gauteng,johannesburg,johannesburg-south,winchester-hills,T4403946,2024-02-26
4 Bed House in La Rochelle,https://www.privateproperty.co.za/for-sale/gauteng/johannesburg/johannesburg-south/rosettenville/67-and-69-5th-street/T4272389,Sold,House,,,,1000 m²,R 1800,,4,2,gauteng,johannesburg,johannesburg-south,rosettenville,T4272389,2024-02-26
3 Bed House in Suideroord,https://www.privateproperty.co.za/for-sale/gauteng/johannesburg/johannesburg-south/suideroord/66-seder-street-suideroord/T4347248,Sold,House,,,,1200 m²,R 750,,3,2,gauteng,johannesburg,johannesburg-south,suideroord,T4347248,2024-02-26
1 Bed Apartment in Kibler Park,https://www.privateproperty.co.za/for-sale/gauteng/johannesburg/johannesburg-south/kibler-park/6707-thaba-eco-village/0a-kliprivier-road/T4450646,Sold,Apartment,,,,,R 410,R 552,1,1,gauteng,johannesburg,johannesburg-south,kibler-park,T4450646,2024-02-26
1 Bed Apartment in Mulbarton,https://www.privateproperty.co.za/for-sale/gauteng/johannesburg/johannesburg-south/mulbarton/6607-thaba-eco-village/0a-kliprivier-road/T4434975,Sold,Apartment,,,,,R 410,R 552,1,1,gauteng,johannesburg,johannesburg-south,mulbarton,T4434975,2024-02-26
3 Bed House in Naturena,https://www.privateproperty.co.za/for-sale/gauteng/johannesburg/johannesburg-south/naturena/28-rhodes-street/T4190987,Sold,House,,,,250 m²None,,,3,1,gauteng,johannesburg,johannesburg-south,naturena,T4190987,2024-02-26
3 Bed House in Ormonde,https://www.privateproperty.co.za/for-sale/gauteng/johannesburg/johannesburg-south/ormonde/16-brandybush/T3556506,Sold,House,,,,335 m²None,,,3,2,gauteng,johannesburg,johannesburg-south,ormonde,T3556506,2024-02-26
2 Bed Townhouse in Liefde en Vrede,https://www.privateproperty.co.za/for-sale/gauteng/johannesburg/johannesburg-south/liefde-en-vrede/73-petulas-place/14-grasvoel-crescent/T4170340,Sold,Townhouse,,,74 ,,R 460,,2,1,gauteng,johannesburg,johannesburg-south,liefde-en-vrede,T4170340,2024-02-26
3 Bed House in Sky City,https://www.privateproperty.co.za/for-sale/gauteng/johannesburg/johannesburg-south/sky-city/2653-fire-fish/T4371686,Sold,House,,,,301 m²,R 245,,3,2,gauteng,johannesburg,johannesburg-south,sky-city,T4371686,2024-02-26
2.5 Bed Townhouse in Mulbarton,https://www.privateproperty.co.za/for-sale/gauteng/johannesburg/johannesburg-south/mulbarton/53-villa-bela/9-little-loop-road/T4394536,Sold,Townhouse,,,88 ,,R 695,,2.5,1.5,gauteng,johannesburg,johannesburg-south,mulbarton,T4394536,2024-02-26
2 Bed Townhouse in Ormonde,https://www.privateproperty.co.za/for-sale/gauteng/johannesburg/johannesburg-south/ormonde/1236-tamara-mews/1236-corwen-rd-road/T4003829,Sold,Townhouse,,,,,,R 1600None,2,1,gauteng,johannesburg,johannesburg-south,ormonde,T4003829,2024-02-26
2 Bed Townhouse in Kibler Park,https://www.privateproperty.co.za/for-sale/gauteng/johannesburg/johannesburg-south/kibler-park/9-winfield-village/13-oak-lane/T4433452,Sold,Townhouse,,,65 ,,,R 920,2,1,gauteng,johannesburg,johannesburg-south,kibler-park,T4433452,2024-02-26
3 Bed House in South Hills,https://www.privateproperty.co.za/for-sale/gauteng/johannesburg/johannesburg-south/south-hills/12-swinburn-road/T4181774,Sold,House,,,206 ,492 m²,,,3,1,gauteng,johannesburg,johannesburg-south,south-hills,T4181774,2024-02-26
1 Bed Apartment in Ormonde,https://www.privateproperty.co.za/for-sale/gauteng/johannesburg/johannesburg-south/ormonde/113-gold-reef-sands/108-northern-park-way/T4292424,Sold,Apartment,,,,,R 400,R 1200,1,1,gauteng,johannesburg,johannesburg-south,ormonde,T4292424,2024-02-26
2 Bed House in South Hills,https://www.privateproperty.co.za/for-sale/gauteng/johannesburg/johannesburg-south/south-hills/T4443662,Sold,House,,,160 ,160 m²,,,2,1,gauteng,johannesburg,johannesburg-south,south-hills,T4443662,2024-02-26
2 Bed House in South Hills,https://www.privateproperty.co.za/for-sale/gauteng/johannesburg/johannesburg-south/south-hills/T4468981,Sold,House,,,183 ,183 m²,,,2,1,gauteng,johannesburg,johannesburg-south,south-hills,T4468981,2024-02-26
3 Bed House in Sky City,https://www.privateproperty.co.za/for-sale/gauteng/johannesburg/johannesburg-south/sky-city/T3923125,Sold,House,,,,182 m²,R 300,,3,2,gauteng,johannesburg,johannesburg-south,sky-city,T3923125,2024-02-26
2 Bed House in Katlehong,https://www.privateproperty.co.za/for-sale/gauteng/johannesburg/johannesburg-south/katlehong/T4140375,Sold,House,,,,294 m²,R 300,,2,1,gauteng,johannesburg,johannesburg-south,katlehong,T4140375,2024-02-26
3 Bed Simplex in Meredale,https://www.privateproperty.co.za/for-sale/gauteng/johannesburg/johannesburg-south/meredale/T4368902,Sold,Simplex,,,78 ,,R 712,,3,2,gauteng,johannesburg,johannesburg-south,meredale,T4368902,2024-02-26
2 Bed Apartment in Oakdene,https://www.privateproperty.co.za/for-sale/gauteng/johannesburg/johannesburg-south/oakdene/T4403523,Sold,Apartment,,,101 ,,R 901,,2,2,gauteng,johannesburg,johannesburg-south,oakdene,T4403523,2024-02-26
3 Bed House in Southdale,https://www.privateproperty.co.za/for-sale/gauteng/johannesburg/johannesburg-south/robertsham/T4435310,Sold,House,,,,876 m²,R 840,,3,2,gauteng,johannesburg,johannesburg-south,robertsham,T4435310,2024-02-26
4 Bed House in Linmeyer,https://www.privateproperty.co.za/for-sale/gauteng/johannesburg/johannesburg-south/linmeyer/T4445417,Sold,House,,,,947 m²,R 1530,,4,2,gauteng,johannesburg,johannesburg-south,linmeyer,T4445417,2024-02-26
2 Bed Apartment in Oakdene,https://www.privateproperty.co.za/for-sale/gauteng/johannesburg/johannesburg-south/oakdene/T4403515,Sold,Apartment,,,101 ,,R 901,,2,2,gauteng,johannesburg,johannesburg-south,oakdene,T4403515,2024-02-26
3 Bed House in Ormonde,https://www.privateproperty.co.za/for-sale/gauteng/johannesburg/johannesburg-south/ormonde/T4460819,Sold,House,,,109 ,311 m²,,,3,2,gauteng,johannesburg,johannesburg-south,ormonde,T4460819,2024-02-26
800 m² Land available in Liefde en Vrede,https://www.privateproperty.co.za/for-sale/gauteng/johannesburg/johannesburg-south/liefde-en-vrede/41-klipview-road/T4353464,Sold,Land,,,,800 m²,R 1200,,None,None,gauteng,johannesburg,johannesburg-south,liefde-en-vrede,T4353464,2024-02-26
3 Bed House in Naturena,https://www.privateproperty.co.za/for-sale/gauteng/johannesburg/johannesburg-south/naturena/T4254918,Sold,House,,,90 ,800 m²,,,3,1,gauteng,johannesburg,johannesburg-south,naturena,T4254918,2024-02-26
3 Bed House in Suideroord,https://www.privateproperty.co.za/for-sale/gauteng/johannesburg/johannesburg-south/suideroord/T4438047,Sold,House,,,,988 m²,R 1892,,3,2,gauteng,johannesburg,johannesburg-south,suideroord,T4438047,2024-02-26
4 Bed House in Ormonde,https://www.privateproperty.co.za/for-sale/gauteng/johannesburg/johannesburg-south/ormonde/T4410830,Sold,House,,,,617 m²,R 1050,,4,2,gauteng,johannesburg,johannesburg-south,ormonde,T4410830,2024-02-26
3 Bed House in Mondeor,https://www.privateproperty.co.za/for-sale/gauteng/johannesburg/johannesburg-south/mondeor/T4330722,Sold,House,,,,540 m²,R 1085,,3,2,gauteng,johannesburg,johannesburg-south,mondeor,T4330722,2024-02-26
4 Bed House in Mondeor,https://www.privateproperty.co.za/for-sale/gauteng/johannesburg/johannesburg-south/mondeor/195-cortayne-avenue/T4439236,Sold,House,,,,,,,4,2,gauteng,johannesburg,johannesburg-south,mondeor,T4439236,2024-02-26
3 Bed House in Robertsham,https://www.privateproperty.co.za/for-sale/gauteng/johannesburg/johannesburg-south/robertsham/T4435239,Sold,House,,,,1342 m²,R 953,,3,2,gauteng,johannesburg,johannesburg-south,robertsham,T4435239,2024-02-26
3 Bed House in South Hills,https://www.privateproperty.co.za/for-sale/gauteng/johannesburg/johannesburg-south/south-hills/T4168944,Sold,House,,,80 ,653 m²,,,3,2,gauteng,johannesburg,johannesburg-south,south-hills,T4168944,2024-02-26
3 Bed House in Alveda,https://www.privateproperty.co.za/for-sale/gauteng/johannesburg/johannesburg-south/alveda/T4420860,Sold,House,,,,335 m²None,,,3,1,gauteng,johannesburg,johannesburg-south,alveda,T4420860,2024-02-26
2 Bed Townhouse in Haddon,https://www.privateproperty.co.za/for-sale/gauteng/johannesburg/johannesburg-south/haddon/T3750654,Sold,Townhouse,,,,,,,2,2,gauteng,johannesburg,johannesburg-south,haddon,T3750654,2024-02-26
1 Bed Apartment in Townsview,https://www.privateproperty.co.za/for-sale/gauteng/johannesburg/johannesburg-south/rosettenville/T3756961,Sold,Apartment,,,49 ,,,R 508,1,1,gauteng,johannesburg,johannesburg-south,rosettenville,T3756961,2024-02-26
1 Bed House in Regents Park,https://www.privateproperty.co.za/for-sale/gauteng/johannesburg/johannesburg-south/regents-park/T4484955,Sold,House,,,,495 m²None,,,1,1,gauteng,johannesburg,johannesburg-south,regents-park,T4484955,2024-02-26
2 Bed Apartment in Jackal Creek Golf Estate,https://www.privateproperty.co.za/for-sale/gauteng/johannesburg/north-riding-to-lanseria/jackal-creek-northriding/47-ss-oak-hill/61-elberta-road/T4448135,Sold,Apartment,,,71 ,2.5 ha,,,2,2,gauteng,johannesburg,north-riding-to-lanseria,jackal-creek-northriding,T4448135,2024-02-26
2 Bed Townhouse in North Riding,https://www.privateproperty.co.za/for-sale/gauteng/johannesburg/north-riding-to-lanseria/north-riding/24-clemens-corner-jn/0a-bouvet-ave/T4400167,Sold,Townhouse,,,70 ,8760 m²,,,2,1,gauteng,johannesburg,north-riding-to-lanseria,north-riding,T4400167,2024-02-26
2 Bed Apartment in Northgate,https://www.privateproperty.co.za/for-sale/gauteng/johannesburg/north-riding-to-lanseria/northgate/154-los-alamos/00-montrose-avenue/T4051982,Sold,Apartment,,,60 ,535 m²,,,2,1,gauteng,johannesburg,north-riding-to-lanseria,northgate,T4051982,2024-02-26
1 Bed Townhouse in Bromhof,https://www.privateproperty.co.za/for-sale/gauteng/johannesburg/north-riding-to-lanseria/bromhof/68-caymans/332-san-marco-street/T4476251,Sold,Townhouse,,,83 ,,R 598,,1,1,gauteng,johannesburg,north-riding-to-lanseria,bromhof,T4476251,2024-02-26
3 Bed Apartment in Boskruin,https://www.privateproperty.co.za/for-sale/gauteng/johannesburg/north-riding-to-lanseria/boskruin/52-ss-boskruin-valley/10-wilgeboom-drive/T4145529,Sold,Apartment,,,95 ,5785 m²,,,3,1,gauteng,johannesburg,north-riding-to-lanseria,boskruin,T4145529,2024-02-26
2 Bed House in Cosmo City,https://www.privateproperty.co.za/for-sale/gauteng/johannesburg/north-riding-to-lanseria/cosmo-city/9-9/T4301062,Sold,House,,,280 ,280 m²,,,2,1,gauteng,johannesburg,north-riding-to-lanseria,cosmo-city,T4301062,2024-02-26
2 Bed House in Northwold,https://www.privateproperty.co.za/for-sale/gauteng/johannesburg/north-riding-to-lanseria/northwold/14-tiffany-crescent/T4354839,Sold,House,,,,305 m²,R 892,,2,1,gauteng,johannesburg,north-riding-to-lanseria,northwold,T4354839,2024-02-26
2 Bed Townhouse in Sundowner,https://www.privateproperty.co.za/for-sale/gauteng/johannesburg/north-riding-to-lanseria/sundowner/14-ambleside/776-douglas-road/T4387877,Sold,Townhouse,,,83 ,,R 380,,2,1,gauteng,johannesburg,north-riding-to-lanseria,sundowner,T4387877,2024-02-26
2 Bed Townhouse in Bromhof,https://www.privateproperty.co.za/for-sale/gauteng/johannesburg/north-riding-to-lanseria/bromhof/28-amarja/42-suikerbekkie-st/T4377861,Sold,Townhouse,,,80 ,,R 378,,2,1.5,gauteng,johannesburg,north-riding-to-lanseria,bromhof,T4377861,2024-02-26
2 Bed Townhouse in Olivedale,https://www.privateproperty.co.za/for-sale/gauteng/johannesburg/north-riding-to-lanseria/olivedale/20-melody-lane/48-jacaranda-ave/T4126227,Sold,Townhouse,,,106 ,,R 900,,2,2,gauteng,johannesburg,north-riding-to-lanseria,olivedale,T4126227,2024-02-26
3 Bed Townhouse in Bromhof,https://www.privateproperty.co.za/for-sale/gauteng/johannesburg/north-riding-to-lanseria/bromhof/91-bush-lodge/1-suikerbekkie-road/T4344485,Sold,Townhouse,,,148 ,,R 842,,3,2.5,gauteng,johannesburg,north-riding-to-lanseria,bromhof,T4344485,2024-02-26
2 Bed House in Northwold,https://www.privateproperty.co.za/for-sale/gauteng/johannesburg/north-riding-to-lanseria/northwold/0-zeven-rosen/43-tiffany-cres/T4429623,Sold,House,,,,485 m²,R 400,,2,2,gauteng,johannesburg,north-riding-to-lanseria,northwold,T4429623,2024-02-26
3 Bed Townhouse in Olivedale,https://www.privateproperty.co.za/for-sale/gauteng/johannesburg/north-riding-to-lanseria/olivedale/20-ss-harmony-corner/29-jacaranda-avenue/T4262094,Sold,Townhouse,,,171 ,,R 1000,,3,2,gauteng,johannesburg,north-riding-to-lanseria,olivedale,T4262094,2024-02-26
3715 m² Land available in Blair Atholl Estate,https://www.privateproperty.co.za/for-sale/gauteng/johannesburg/north-riding-to-lanseria/blair-atholl-estate/310-wetlands-meander-street/T4230316,Sold,Land,,,,3715 m²,R 4200,,None,None,gauteng,johannesburg,north-riding-to-lanseria,blair-atholl-estate,T4230316,2024-02-26
3 Bed House in North Riding,https://www.privateproperty.co.za/for-sale/gauteng/johannesburg/north-riding-to-lanseria/north-riding/11-carriesbrook/138-bellairs-drive/T4310499,Sold,House,,,185 ,319 m²,,,3,2,gauteng,johannesburg,north-riding-to-lanseria,north-riding,T4310499,2024-02-26
3 Bed Cluster in North Riding,https://www.privateproperty.co.za/for-sale/gauteng/johannesburg/north-riding-to-lanseria/north-riding/25-earthbound-blandford-road/T4202337,Sold,Cluster,,,,374 m²,R 1130,,3,2,gauteng,johannesburg,north-riding-to-lanseria,north-riding,T4202337,2024-02-26
2 Bed House in Cosmo City,https://www.privateproperty.co.za/for-sale/gauteng/johannesburg/north-riding-to-lanseria/cosmo-city/1-south-africa-street/T4482811,Sold,House,,,306 ,,R 797,,2,2,gauteng,johannesburg,north-riding-to-lanseria,cosmo-city,T4482811,2024-02-26
3 Bed Townhouse in Sundowner,https://www.privateproperty.co.za/for-sale/gauteng/johannesburg/north-riding-to-lanseria/sundowner/35-arman-place/1-keurboom-street/T4485537,Sold,Townhouse,,,127 ,1.7 ha,,,3,2,gauteng,johannesburg,north-riding-to-lanseria,sundowner,T4485537,2024-02-26
1 Bed Apartment in North Riding,https://www.privateproperty.co.za/for-sale/gauteng/johannesburg/north-riding-to-lanseria/north-riding/T3904123,Sold,Apartment,,,50 ,50 m²,,,1,1,gauteng,johannesburg,north-riding-to-lanseria,north-riding,T3904123,2024-02-26
1 Bed Apartment in Olivedale,https://www.privateproperty.co.za/for-sale/gauteng/johannesburg/north-riding-to-lanseria/olivedale/T4370243,Sold,Apartment,,,51 ,,R 660,,1,1,gauteng,johannesburg,north-riding-to-lanseria,olivedale,T4370243,2024-02-26
2 Bed Apartment in Northgate,https://www.privateproperty.co.za/for-sale/gauteng/johannesburg/north-riding-to-lanseria/northgate/T4230837,Sold,Apartment,,,109 ,,R 600,,2,2,gauteng,johannesburg,north-riding-to-lanseria,northgate,T4230837,2024-02-26
2 Bed Townhouse in North Riding,https://www.privateproperty.co.za/for-sale/gauteng/johannesburg/north-riding-to-lanseria/north-riding/T4430737,Sold,Townhouse,,,70 ,7487 m²,,,2,1,gauteng,johannesburg,north-riding-to-lanseria,north-riding,T4430737,2024-02-26
2 Bed Townhouse in Northwold,https://www.privateproperty.co.za/for-sale/gauteng/johannesburg/north-riding-to-lanseria/northwold/T4327054,Sold,Townhouse,,,71 ,,R 395,,2,1,gauteng,johannesburg,north-riding-to-lanseria,northwold,T4327054,2024-02-26
3 Bed House in Cosmo City,https://www.privateproperty.co.za/for-sale/gauteng/johannesburg/north-riding-to-lanseria/cosmo-city/T4336013,Sold,House,,,,191 m²,R 345,,3,1.5,gauteng,johannesburg,north-riding-to-lanseria,cosmo-city,T4336013,2024-02-26
3 Bed Townhouse in North Riding AH,https://www.privateproperty.co.za/for-sale/gauteng/johannesburg/north-riding-to-lanseria/north-riding/T4421987,Sold,Townhouse,,,63 ,,R 470,,3,2,gauteng,johannesburg,north-riding-to-lanseria,north-riding,T4421987,2024-02-26
2 Bed Townhouse in North Riding,https://www.privateproperty.co.za/for-sale/gauteng/johannesburg/north-riding-to-lanseria/north-riding/T4340980,Sold,Townhouse,,,71 ,,R 336,,2,1,gauteng,johannesburg,north-riding-to-lanseria,north-riding,T4340980,2024-02-26
2 Bed House in Cosmo City,https://www.privateproperty.co.za/for-sale/gauteng/johannesburg/north-riding-to-lanseria/cosmo-city/T4426371,Sold,House,,,,454 m²,R 187,,2,1,gauteng,johannesburg,north-riding-to-lanseria,cosmo-city,T4426371,2024-02-26
5 Bed House in Cosmo City,https://www.privateproperty.co.za/for-sale/gauteng/johannesburg/north-riding-to-lanseria/cosmo-city/T4406868,Sold,House,,,75 ,389 m²,,,5,5,gauteng,johannesburg,north-riding-to-lanseria,cosmo-city,T4406868,2024-02-26
5 Bed House in Cosmo City,https://www.privateproperty.co.za/for-sale/gauteng/johannesburg/north-riding-to-lanseria/cosmo-city/T3773765,Sold,House,,,150 ,298 m²,,,5,3,gauteng,johannesburg,north-riding-to-lanseria,cosmo-city,T3773765,2024-02-26
3 Bed Simplex in Northwold,https://www.privateproperty.co.za/for-sale/gauteng/johannesburg/north-riding-to-lanseria/northwold/T4449155,Sold,Simplex,,,103 ,1.2 ha,,,3,1.5,gauteng,johannesburg,north-riding-to-lanseria,northwold,T4449155,2024-02-26
6 Bed House in Cosmo City,https://www.privateproperty.co.za/for-sale/gauteng/johannesburg/north-riding-to-lanseria/cosmo-city/T4469600,Sold,House,,,45 ,300 m²,,,6,4,gauteng,johannesburg,north-riding-to-lanseria,cosmo-city,T4469600,2024-02-26
3 Bed House in Cosmo City,https://www.privateproperty.co.za/for-sale/gauteng/johannesburg/north-riding-to-lanseria/cosmo-city/T3934207,Sold,House,,,98 ,440 m²,,,3,2,gauteng,johannesburg,north-riding-to-lanseria,cosmo-city,T3934207,2024-02-26
3 Bed House in Cosmo City,https://www.privateproperty.co.za/for-sale/gauteng/johannesburg/north-riding-to-lanseria/cosmo-city/T4331618,Sold,House,,,285 ,285 m²,,,3,2,gauteng,johannesburg,north-riding-to-lanseria,cosmo-city,T4331618,2024-02-26
3 Bed Townhouse in North Riding,https://www.privateproperty.co.za/for-sale/gauteng/johannesburg/north-riding-to-lanseria/north-riding/T4416749,Sold,Townhouse,,,128 ,,R 449,,3,2,gauteng,johannesburg,north-riding-to-lanseria,north-riding,T4416749,2024-02-26
3 Bed Townhouse in North Riding,https://www.privateproperty.co.za/for-sale/gauteng/johannesburg/north-riding-to-lanseria/north-riding/T4454732,Sold,Townhouse,,,111 ,,R 918,,3,2,gauteng,johannesburg,north-riding-to-lanseria,north-riding,T4454732,2024-02-26
3 Bed Duplex in Sundowner,https://www.privateproperty.co.za/for-sale/gauteng/johannesburg/north-riding-to-lanseria/sundowner/T4521940,Sold,Duplex,,,127 ,,R 851,,3,2,gauteng,johannesburg,north-riding-to-lanseria,sundowner,T4521940,2024-02-26
2 Bed Townhouse in Northwold,https://www.privateproperty.co.za/for-sale/gauteng/johannesburg/north-riding-to-lanseria/northwold/T4118730,Sold,Townhouse,,,136 ,,R 614,,2,1.5,gauteng,johannesburg,north-riding-to-lanseria,northwold,T4118730,2024-02-26
3 Bed Townhouse in North Riding,https://www.privateproperty.co.za/for-sale/gauteng/johannesburg/north-riding-to-lanseria/north-riding/T4507233,Sold,Townhouse,,,111 ,,R 919,,3,2,gauteng,johannesburg,north-riding-to-lanseria,north-riding,T4507233,2024-02-26
4 Bed House in Cosmo City,https://www.privateproperty.co.za/for-sale/gauteng/johannesburg/north-riding-to-lanseria/cosmo-city/T3696305,Sold,House,,,,538 m²,R 500,,4,3,gauteng,johannesburg,north-riding-to-lanseria,cosmo-city,T3696305,2024-02-26
2 Bed Townhouse in Northwold,https://www.privateproperty.co.za/for-sale/gauteng/johannesburg/north-riding-to-lanseria/northwold/T4507706,Sold,Townhouse,,,105 ,1.6 ha,,,2,2,gauteng,johannesburg,north-riding-to-lanseria,northwold,T4507706,2024-02-26
3 Bed Duplex in Sundowner,https://www.privateproperty.co.za/for-sale/gauteng/johannesburg/north-riding-to-lanseria/sundowner/T4466338,Sold,Duplex,,,127 ,,R 851,,3,2,gauteng,johannesburg,north-riding-to-lanseria,sundowner,T4466338,2024-02-26
3 Bed Townhouse in North Riding,https://www.privateproperty.co.za/for-sale/gauteng/johannesburg/north-riding-to-lanseria/north-riding/T4453553,Sold,Townhouse,,,168 ,,R 1100,,3,2,gauteng,johannesburg,north-riding-to-lanseria,north-riding,T4453553,2024-02-26
3 Bed House in North Riding,https://www.privateproperty.co.za/for-sale/gauteng/johannesburg/north-riding-to-lanseria/north-riding/T4375586,Sold,House,,,,450 m²,R 986,,3,2,gauteng,johannesburg,north-riding-to-lanseria,north-riding,T4375586,2024-02-26
4 Bed House in Bromhof,https://www.privateproperty.co.za/for-sale/gauteng/johannesburg/north-riding-to-lanseria/bromhof/T4431557,Sold,House,,,206 ,611 m²,,,4,3,gauteng,johannesburg,north-riding-to-lanseria,bromhof,T4431557,2024-02-26
4 Bed Townhouse in Bromhof,https://www.privateproperty.co.za/for-sale/gauteng/johannesburg/north-riding-to-lanseria/bromhof/T4441702,Sold,Townhouse,,,209 ,,R 1280,,4,2,gauteng,johannesburg,north-riding-to-lanseria,bromhof,T4441702,2024-02-26
3 Bed House in Johannesburg North,https://www.privateproperty.co.za/for-sale/gauteng/johannesburg/north-riding-to-lanseria/johannesburg-north/T4415845,Sold,House,,,,1321 m²,R 1275,,3,2,gauteng,johannesburg,north-riding-to-lanseria,johannesburg-north,T4415845,2024-02-26
4 Bed House in Johannesburg North,https://www.privateproperty.co.za/for-sale/gauteng/johannesburg/north-riding-to-lanseria/johannesburg-north/T4165156,Sold,House,,,295 ,1369 m²,,,4,4,gauteng,johannesburg,north-riding-to-lanseria,johannesburg-north,T4165156,2024-02-26
3 Bed House in North Riding,https://www.privateproperty.co.za/for-sale/gauteng/johannesburg/north-riding-to-lanseria/north-riding/T4482484,Sold,House,,,196 ,465 m²,,,3,3,gauteng,johannesburg,north-riding-to-lanseria,north-riding,T4482484,2024-02-26
3923 m² Land available in Blair Atholl Estate,https://www.privateproperty.co.za/for-sale/gauteng/johannesburg/north-riding-to-lanseria/blair-atholl-estate/T4037061,Sold,Land,,,,3923 m²,,R 13950,None,None,gauteng,johannesburg,north-riding-to-lanseria,blair-atholl-estate,T4037061,2024-02-26
2 Bed Apartment in Northwold,https://www.privateproperty.co.za/for-sale/gauteng/johannesburg/north-riding-to-lanseria/northwold/T4135005,Sold,Apartment,,,57 ,,,,2,1,gauteng,johannesburg,north-riding-to-lanseria,northwold,T4135005,2024-02-26
2 Bed Townhouse in Northwold,https://www.privateproperty.co.za/for-sale/gauteng/johannesburg/north-riding-to-lanseria/northwold/T4472309,Sold,Townhouse,,,80 ,,,,2,1,gauteng,johannesburg,north-riding-to-lanseria,northwold,T4472309,2024-02-26
6 Bed House in Cosmo City,https://www.privateproperty.co.za/for-sale/gauteng/johannesburg/north-riding-to-lanseria/cosmo-city/T4488836,Sold,House,,,,,R 600None,,6,5,gauteng,johannesburg,north-riding-to-lanseria,cosmo-city,T4488836,2024-02-26
2 Bed Simplex in Sonneglans,https://www.privateproperty.co.za/for-sale/gauteng/johannesburg/north-riding-to-lanseria/sonneglans/T4495014,Sold,Simplex,,,,,R 674None,,2,2,gauteng,johannesburg,north-riding-to-lanseria,sonneglans,T4495014,2024-02-26
2 Bed House in Bromhof,https://www.privateproperty.co.za/for-sale/gauteng/johannesburg/north-riding-to-lanseria/bromhof/T4463694,Sold,House,,,,722 m²None,,,2,1,gauteng,johannesburg,north-riding-to-lanseria,bromhof,T4463694,2024-02-26
6 Bed House in Cosmo City,https://www.privateproperty.co.za/for-sale/gauteng/johannesburg/north-riding-to-lanseria/cosmo-city/T4267495,Sold,House,,,,450 m²None,,,6,4,gauteng,johannesburg,north-riding-to-lanseria,cosmo-city,T4267495,2024-02-26
3 Bed House in Cosmo City,https://www.privateproperty.co.za/for-sale/gauteng/johannesburg/north-riding-to-lanseria/cosmo-city/T4394141,Sold,House,,,,634 m²None,,,3,2,gauteng,johannesburg,north-riding-to-lanseria,cosmo-city,T4394141,2024-02-26
4 Bed House in Sundowner,https://www.privateproperty.co.za/for-sale/gauteng/johannesburg/north-riding-to-lanseria/sundowner/T4440395,Sold,House,,,292 ,1075 m²,,,4,3.5,gauteng,johannesburg,north-riding-to-lanseria,sundowner,T4440395,2024-02-26
4 Bed House in Bromhof,https://www.privateproperty.co.za/for-sale/gauteng/johannesburg/north-riding-to-lanseria/bromhof/T4221860,Sold,House,,,,797 m²None,,,4,3,gauteng,johannesburg,north-riding-to-lanseria,bromhof,T4221860,2024-02-26
3 Bed Cluster in Northwold,https://www.privateproperty.co.za/for-sale/gauteng/johannesburg/north-riding-to-lanseria/northwold/16-sect-16-of-plan-3321996-known-as-fernwood/605-maple-drive/T4428007,Sold,Cluster,,,,165 m²,R 994,,3,2,gauteng,johannesburg,north-riding-to-lanseria,northwold,T4428007,2024-02-26
1 Bed Apartment in Jackal Creek Golf Estate,https://www.privateproperty.co.za/for-sale/gauteng/johannesburg/north-riding-to-lanseria/jackal-creek-northriding/80-wentworth/209-jackal-creek-golf-estate/T4069491,Sold,Apartment,,,39 ,,R 340,,1,1,gauteng,johannesburg,north-riding-to-lanseria,jackal-creek-northriding,T4069491,2024-02-26
3 Bed House in Riverlea,https://www.privateproperty.co.za/for-sale/gauteng/johannesburg/northcliff/riverlea/37-gazania-road/T4461704,Sold,House,,,,323 m²,R 616,,3,2,gauteng,johannesburg,northcliff,riverlea,T4461704,2024-02-26
5 Bed House in Montgomery Park,https://www.privateproperty.co.za/for-sale/gauteng/johannesburg/northcliff/montgomery-park/2-hugo-naude-street/T4490762,Sold,House,,,,744 m²,R 1070,,5,3,gauteng,johannesburg,northcliff,montgomery-park,T4490762,2024-02-26
4 Bed House in Westdene,https://www.privateproperty.co.za/for-sale/gauteng/johannesburg/northcliff/westdene/6-ludlow-road/T4312187,Sold,House,,,,495 m²,R 865,,4,3,gauteng,johannesburg,northcliff,westdene,T4312187,2024-02-26
3 Bed Townhouse in Quellerina,https://www.privateproperty.co.za/for-sale/gauteng/johannesburg/northcliff/quellerina/4-ss-twenty-1-on-majuba/21-majuba-avenue/T3816574,Sold,Townhouse,,,204 ,1867 m²,,,3,2.5,gauteng,johannesburg,northcliff,quellerina,T3816574,2024-02-26
3 Bed House in Florida Glen,https://www.privateproperty.co.za/for-sale/gauteng/johannesburg/northcliff/florida-glen/8-ciliaris/T4460606,Sold,House,,,,1051 m²,R 1274,,3,3,gauteng,johannesburg,northcliff,florida-glen,T4460606,2024-02-26
4 Bed Townhouse in Fairland,https://www.privateproperty.co.za/for-sale/gauteng/johannesburg/northcliff/fairland/T4489790,Sold,Townhouse,,,153 ,5953 m²,,,4,3,gauteng,johannesburg,northcliff,fairland,T4489790,2024-02-26
1 Bed Apartment in Blackheath,https://www.privateproperty.co.za/for-sale/gauteng/johannesburg/northcliff/blackheath/9-crestview-mews/277-weltevreden-road/T3753986,Sold,Apartment,,,55 ,,R 418,,1,1,gauteng,johannesburg,northcliff,blackheath,T3753986,2024-02-26
2 Bed Townhouse in Albertville,https://www.privateproperty.co.za/for-sale/gauteng/johannesburg/northcliff/albertville/14-syringa/9-roxy-drive/T4392617,Sold,Townhouse,,,90 ,,R 500,,2,1,gauteng,johannesburg,northcliff,albertville,T4392617,2024-02-26
2 Bed Apartment in Fairland,https://www.privateproperty.co.za/for-sale/gauteng/johannesburg/northcliff/fairland/89-smit-street/T4389287,Sold,Apartment,,,66 ,,R 323,,2,1,gauteng,johannesburg,northcliff,fairland,T4389287,2024-02-26
2 Bed Simplex in Fairland,https://www.privateproperty.co.za/for-sale/gauteng/johannesburg/northcliff/fairland/10-ndawendle-gardens/87-davidson-street/Z47371,Sold,Simplex,,,88 ,,R 1000,,2,2,gauteng,johannesburg,northcliff,fairland,Z47371,2024-02-26
2 Bed Townhouse in Bergbron,https://www.privateproperty.co.za/for-sale/gauteng/johannesburg/northcliff/bergbron/41-ss-silver-palm-estate/39-gordon-road/T4343340,Sold,Townhouse,,,100 ,,R 571,,2,1,gauteng,johannesburg,northcliff,bergbron,T4343340,2024-02-26
3 Bed House in Greymont,https://www.privateproperty.co.za/for-sale/gauteng/johannesburg/northcliff/greymont/1012-14th-street/T4499674,Sold,House,,,,990 m²,R 1000,,3,1,gauteng,johannesburg,northcliff,greymont,T4499674,2024-02-26
2 Bed House in Richmond,https://www.privateproperty.co.za/for-sale/gauteng/johannesburg/northcliff/richmond/7-boulogne-street/T4221222,Sold,House,,,,496 m²,R 1421,,2,1.5,gauteng,johannesburg,northcliff,richmond,T4221222,2024-02-26
3 Bed House in Mayfair West,https://www.privateproperty.co.za/for-sale/gauteng/johannesburg/northcliff/brixton/T4350294,Sold,House,,,,,,,3,1,gauteng,johannesburg,northcliff,brixton,T4350294,2024-02-26
4 Bed Duplex in Fairland,https://www.privateproperty.co.za/for-sale/gauteng/johannesburg/northcliff/fairland/1-sun-garden/216-smit-street/T4438086,Sold,Duplex,,,170 ,,R 1114,,4,2.5,gauteng,johannesburg,northcliff,fairland,T4438086,2024-02-26
3 Bed House in Newlands,https://www.privateproperty.co.za/for-sale/gauteng/johannesburg/northcliff/newlands/7-shortmarket-street/T4361028,Sold,House,,,,342 m²None,,,3,1,gauteng,johannesburg,northcliff,newlands,T4361028,2024-02-26
3 Bed House in Auckland Park,https://www.privateproperty.co.za/for-sale/gauteng/johannesburg/northcliff/auckland-park/15-sunbury-auckland-park/T4322127,Sold,House,,,,588 m²None,,,3,1,gauteng,johannesburg,northcliff,auckland-park,T4322127,2024-02-26
3 Bed Townhouse in Fairland,https://www.privateproperty.co.za/for-sale/gauteng/johannesburg/northcliff/fairland/2-ss-the-hill/49-kessel-street/T4367706,Sold,Townhouse,,,125 ,2981 m²,,,3,2,gauteng,johannesburg,northcliff,fairland,T4367706,2024-02-26
3 Bed Duplex in Northcliff,https://www.privateproperty.co.za/for-sale/gauteng/johannesburg/northcliff/northcliff/00-catana/164-willson-street/T4376104,Sold,Duplex,,,,,R 1320,R 2300,3,2.5,gauteng,johannesburg,northcliff,northcliff,T4376104,2024-02-26
2 Bed House in Riverlea,https://www.privateproperty.co.za/for-sale/gauteng/johannesburg/northcliff/riverlea/19-aalwyn-street/T4306409,Sold,House,,,,300 m²,R 417,,2,1,gauteng,johannesburg,northcliff,riverlea,T4306409,2024-02-26
3 Bed House in Newlands,https://www.privateproperty.co.za/for-sale/gauteng/johannesburg/northcliff/newlands/174-waterval-road/T4101674,Sold,House,,,,496 m²,R 670,,3,3,gauteng,johannesburg,northcliff,newlands,T4101674,2024-02-26
2 Bed Apartment in Linden,https://www.privateproperty.co.za/for-sale/gauteng/johannesburg/northcliff/linden/305-geldenhuys-view/69-7th-street/T4418193,Sold,Apartment,,,98 ,,R 840,,2,1,gauteng,johannesburg,northcliff,linden,T4418193,2024-02-26
3 Bed Townhouse in Northcliff,https://www.privateproperty.co.za/for-sale/gauteng/johannesburg/northcliff/northcliff/4-sun-mountain/1-mark-avenue/T4362295,Sold,Townhouse,,,124 ,,R 1005,,3,3,gauteng,johannesburg,northcliff,northcliff,T4362295,2024-02-26
7 Bed House in Sophiatown,https://www.privateproperty.co.za/for-sale/gauteng/johannesburg/northcliff/sophiatown/45-bertha/T4192682,Sold,House,,,495 ,,,,7,3,gauteng,johannesburg,northcliff,sophiatown,T4192682,2024-02-26
2 Bed House in Riverlea,https://www.privateproperty.co.za/for-sale/gauteng/johannesburg/northcliff/riverlea/T4197103,Sold,House,,,,263 m²,R 526,,2,1,gauteng,johannesburg,northcliff,riverlea,T4197103,2024-02-26
2 Bed House in Coronationville,https://www.privateproperty.co.za/for-sale/gauteng/johannesburg/northcliff/crosby/T4448268,Sold,House,,,315 ,318 m²,,,2,2,gauteng,johannesburg,northcliff,crosby,T4448268,2024-02-26
2 Bed Townhouse in Bergbron,https://www.privateproperty.co.za/for-sale/gauteng/johannesburg/northcliff/bergbron/T4388591,Sold,Townhouse,,,65 ,,R 352,,2,1,gauteng,johannesburg,northcliff,bergbron,T4388591,2024-02-26
1151 m² Land available in Newlands,https://www.privateproperty.co.za/for-sale/gauteng/johannesburg/northcliff/newlands/T4476969,Sold,Land,,,,1151 m²,R 3501,,None,None,gauteng,johannesburg,northcliff,newlands,T4476969,2024-02-26
2 Bed Apartment in Blackheath,https://www.privateproperty.co.za/for-sale/gauteng/johannesburg/northcliff/blackheath/T4341287,Sold,Apartment,,,74 ,,R 708,,2,2,gauteng,johannesburg,northcliff,blackheath,T4341287,2024-02-26
1 Bed Apartment in Montgomery Park,https://www.privateproperty.co.za/for-sale/gauteng/johannesburg/northcliff/montgomery-park/T4323502,Sold,Apartment,,,60 ,,R 351,,1,1,gauteng,johannesburg,northcliff,montgomery-park,T4323502,2024-02-26
3 Bed House in Claremont,https://www.privateproperty.co.za/for-sale/gauteng/johannesburg/northcliff/bosmont/T4276566,Sold,House,,,,493 m²,R 643,,3,2,gauteng,johannesburg,northcliff,bosmont,T4276566,2024-02-26
3 Bed House in Riverlea,https://www.privateproperty.co.za/for-sale/gauteng/johannesburg/northcliff/riverlea/T4269903,Sold,House,,,70 ,280 m²,,,3,1.5,gauteng,johannesburg,northcliff,riverlea,T4269903,2024-02-26
3 Bed House in Newclare,https://www.privateproperty.co.za/for-sale/gauteng/johannesburg/northcliff/newlands/T4440217,Sold,House,,,,495 m²,R 428,,3,1,gauteng,johannesburg,northcliff,newlands,T4440217,2024-02-26
2 Bed Apartment in Victory Park,https://www.privateproperty.co.za/for-sale/gauteng/johannesburg/northcliff/victory-park/T4361976,Sold,Apartment,,,77 ,,R 913,,2,2,gauteng,johannesburg,northcliff,victory-park,T4361976,2024-02-26
3 Bed House in Riverlea,https://www.privateproperty.co.za/for-sale/gauteng/johannesburg/northcliff/riverlea/T4459765,Sold,House,,,,250 m²,R 572,,3,2,gauteng,johannesburg,northcliff,riverlea,T4459765,2024-02-26
3 Bed House in Greymont,https://www.privateproperty.co.za/for-sale/gauteng/johannesburg/northcliff/greymont/T4300967,Sold,House,,,,495 m²,R 830,,3,3,gauteng,johannesburg,northcliff,greymont,T4300967,2024-02-26
3 Bed Townhouse in Fairland,https://www.privateproperty.co.za/for-sale/gauteng/johannesburg/northcliff/fairland/T4463906,Sold,Townhouse,,,158 ,,R 431,,3,2.5,gauteng,johannesburg,northcliff,fairland,T4463906,2024-02-26
3 Bed Duplex in Fairland,https://www.privateproperty.co.za/for-sale/gauteng/johannesburg/northcliff/fairland/T4330108,Sold,Duplex,,,147 ,,R 845,,3,1.5,gauteng,johannesburg,northcliff,fairland,T4330108,2024-02-26
2 Bed Townhouse in Fairland,https://www.privateproperty.co.za/for-sale/gauteng/johannesburg/northcliff/fairland/T4495304,Sold,Townhouse,,,,133 m²,R 730,,2,2,gauteng,johannesburg,northcliff,fairland,T4495304,2024-02-26
8 Bed House in Westdene,https://www.privateproperty.co.za/for-sale/gauteng/johannesburg/northcliff/westdene/T4195799,Sold,House,,,,496 m²None,,,8,2,gauteng,johannesburg,northcliff,westdene,T4195799,2024-02-26
4 Bed House in Riverlea,https://www.privateproperty.co.za/for-sale/gauteng/johannesburg/northcliff/riverlea/T4199296,Sold,House,,,,239 m²None,,,4,3,gauteng,johannesburg,northcliff,riverlea,T4199296,2024-02-26
3 Bed House in Franklin Roosevelt Park,https://www.privateproperty.co.za/for-sale/gauteng/johannesburg/northcliff/roosevelt-park/T4372788,Sold,House,,,,996 m²None,,,3,2.5,gauteng,johannesburg,northcliff,roosevelt-park,T4372788,2024-02-26
4 Bed House in Crosby,https://www.privateproperty.co.za/for-sale/gauteng/johannesburg/northcliff/crosby/T4171583,Sold,House,,,,,,,4,1,gauteng,johannesburg,northcliff,crosby,T4171583,2024-02-26
4 Bed House in Mayfair West,https://www.privateproperty.co.za/for-sale/gauteng/johannesburg/northcliff/brixton/T3642163,Sold,House,,,,,,,4,2,gauteng,johannesburg,northcliff,brixton,T3642163,2024-02-26
3 Bed House in Westdene,https://www.privateproperty.co.za/for-sale/gauteng/johannesburg/northcliff/westdene/53-2nd-avenue/T4320244,Sold,House,,,496 ,,R 949,,3,2,gauteng,johannesburg,northcliff,westdene,T4320244,2024-02-26
3 Bed Townhouse in Windsor West,https://www.privateproperty.co.za/for-sale/gauteng/johannesburg/randburg-and-ferndale/windsor-west/8-welwitschia/18-kings-avenue/T4464889,Sold,Townhouse,,,125 ,1985 m²,,,3,1,gauteng,johannesburg,randburg-and-ferndale,windsor-west,T4464889,2024-02-26
3 Bed Townhouse in Windsor West,https://www.privateproperty.co.za/for-sale/gauteng/johannesburg/randburg-and-ferndale/windsor-west/7-sun-village/12-premiers-avenue/T4464034,Sold,Townhouse,,,130 ,4457 m²,,,3,2,gauteng,johannesburg,randburg-and-ferndale,windsor-west,T4464034,2024-02-26
3 Bed Townhouse in President Ridge,https://www.privateproperty.co.za/for-sale/gauteng/johannesburg/randburg-and-ferndale/president-ridge/16-ss-suntree/36-malcolm-road/T4399286,Sold,Townhouse,,,108 ,8000 m²,,,3,1.5,gauteng,johannesburg,randburg-and-ferndale,president-ridge,T4399286,2024-02-26
3 Bed Townhouse in Ferndale,https://www.privateproperty.co.za/for-sale/gauteng/johannesburg/randburg-and-ferndale/ferndale/10-ss-fern-view-estate/4-albert-street/T4463313,Sold,Townhouse,,,147 ,5592 m²,,,3,2.5,gauteng,johannesburg,randburg-and-ferndale,ferndale,T4463313,2024-02-26
3 Bed House in Randpark,https://www.privateproperty.co.za/for-sale/gauteng/johannesburg/randburg-and-ferndale/randpark/17-vista-place/T4462658,Sold,House,,,,336 m²,R 792,,3,1,gauteng,johannesburg,randburg-and-ferndale,randpark,T4462658,2024-02-26
3 Bed House in Fontainebleau,https://www.privateproperty.co.za/for-sale/gauteng/johannesburg/randburg-and-ferndale/fontainebleau/60-elise-road/T4340934,Sold,House,,,,991 m²,R 1165,,3,2,gauteng,johannesburg,randburg-and-ferndale,fontainebleau,T4340934,2024-02-26
3 Bed House in Blairgowrie,https://www.privateproperty.co.za/for-sale/gauteng/johannesburg/randburg-and-ferndale/blairgowrie/32-morell-road/T4497252,Sold,House,,,,833 m²,R 1465,,3,2.5,gauteng,johannesburg,randburg-and-ferndale,blairgowrie,T4497252,2024-02-26
4 Bed House in Blairgowrie,https://www.privateproperty.co.za/for-sale/gauteng/johannesburg/randburg-and-ferndale/blairgowrie/49-olympic-road/T4506214,Sold,House,,,,972 m²,R 1026,,4,3,gauteng,johannesburg,randburg-and-ferndale,blairgowrie,T4506214,2024-02-26
5 Bed House in Randpark Ridge,https://www.privateproperty.co.za/for-sale/gauteng/johannesburg/randburg-and-ferndale/randpark-ridge/188-dale-lace-avenue/T4449396,Sold,House,,,,1066 m²,R 2103,,5,3,gauteng,johannesburg,randburg-and-ferndale,randpark-ridge,T4449396,2024-02-26
5 Bed House in Moret,https://www.privateproperty.co.za/for-sale/gauteng/johannesburg/randburg-and-ferndale/moret/16-magnesite-crescent/T4313902,Sold,House,,,,1000 m²,R 1011,,5,4,gauteng,johannesburg,randburg-and-ferndale,moret,T4313902,2024-02-26
3 Bed House in Blairgowrie,https://www.privateproperty.co.za/for-sale/gauteng/johannesburg/randburg-and-ferndale/blairgowrie/T4367328,Sold,House,,,,1213 m²,R 1560,,3,3,gauteng,johannesburg,randburg-and-ferndale,blairgowrie,T4367328,2024-02-26
2 Bed Townhouse in Windsor East,https://www.privateproperty.co.za/for-sale/gauteng/johannesburg/randburg-and-ferndale/windsor-east/202-ss-lucinda/51-judges-avenue/T4344043,Sold,Townhouse,,,93 ,1736 m²,,,2,1,gauteng,johannesburg,randburg-and-ferndale,windsor-east,T4344043,2024-02-26
3 Bed Townhouse in Windsor East,https://www.privateproperty.co.za/for-sale/gauteng/johannesburg/randburg-and-ferndale/windsor-east/3-pine-wood/43-princesses-avenue/T4464032,Sold,Townhouse,,,137 ,992 m²,,,3,2,gauteng,johannesburg,randburg-and-ferndale,windsor-east,T4464032,2024-02-26
1 Bed Apartment in Randpark Ridge,https://www.privateproperty.co.za/for-sale/gauteng/johannesburg/randburg-and-ferndale/randpark-ridge/52-twin-oaks/94-mimosa-road/T4415082,Sold,Apartment,,,40 ,,,R 1020,1,1,gauteng,johannesburg,randburg-and-ferndale,randpark-ridge,T4415082,2024-02-26
2 Bed Townhouse in Windsor East,https://www.privateproperty.co.za/for-sale/gauteng/johannesburg/randburg-and-ferndale/windsor-east/28-ss-el-dorado/34-princes-ave/T4463615,Sold,Townhouse,,,123 ,7947 m²,,,2,2.5,gauteng,johannesburg,randburg-and-ferndale,windsor-east,T4463615,2024-02-26
2 Bed Apartment in Malanshof,https://www.privateproperty.co.za/for-sale/gauteng/johannesburg/randburg-and-ferndale/malanshof/13-river-lodge/174-river-road/T4455039,Sold,Apartment,,,83 ,,R 300,,2,1,gauteng,johannesburg,randburg-and-ferndale,malanshof,T4455039,2024-02-26
2 Bed Townhouse in Randpark Ridge,https://www.privateproperty.co.za/for-sale/gauteng/johannesburg/randburg-and-ferndale/randpark-ridge/86-manor-park/26-pongola-ave/T4349830,Sold,Townhouse,,,71 ,,R 387,,2,2,gauteng,johannesburg,randburg-and-ferndale,randpark-ridge,T4349830,2024-02-26
3 Bed House in Malanshof,https://www.privateproperty.co.za/for-sale/gauteng/johannesburg/randburg-and-ferndale/malanshof/165-gertrude-street/T4344973,Sold,House,,,,410 m²,R 950,,3,3,gauteng,johannesburg,randburg-and-ferndale,malanshof,T4344973,2024-02-26
3 Bed Townhouse in Ferndale,https://www.privateproperty.co.za/for-sale/gauteng/johannesburg/randburg-and-ferndale/ferndale/206-sun-village/374-york-avenue/T4343115,Sold,Townhouse,,,167 ,,R 776,,3,2.5,gauteng,johannesburg,randburg-and-ferndale,ferndale,T4343115,2024-02-26
4 Bed House in Blairgowrie,https://www.privateproperty.co.za/for-sale/gauteng/johannesburg/randburg-and-ferndale/blairgowrie/1-stevens-road/T4454145,Sold,House,,,,896 m²,R 1443,,4,2,gauteng,johannesburg,randburg-and-ferndale,blairgowrie,T4454145,2024-02-26
4 Bed House in Blairgowrie,https://www.privateproperty.co.za/for-sale/gauteng/johannesburg/randburg-and-ferndale/blairgowrie/199-barkston-drive/T4359547,Sold,House,,,,972 m²,R 1200,,4,2,gauteng,johannesburg,randburg-and-ferndale,blairgowrie,T4359547,2024-02-26
4 Bed House in Bordeaux,https://www.privateproperty.co.za/for-sale/gauteng/johannesburg/randburg-and-ferndale/bordeaux/9-guillaume-avenue/T4296500,Sold,House,,,,870 m²,R 1142,,4,2,gauteng,johannesburg,randburg-and-ferndale,bordeaux,T4296500,2024-02-26
4 Bed House in Blairgowrie,https://www.privateproperty.co.za/for-sale/gauteng/johannesburg/randburg-and-ferndale/blairgowrie/18-loots-road/T4427544,Sold,House,,,,991 m²,R 1129,,4,3,gauteng,johannesburg,randburg-and-ferndale,blairgowrie,T4427544,2024-02-26
3 Bed House in Randpark Ridge,https://www.privateproperty.co.za/for-sale/gauteng/johannesburg/randburg-and-ferndale/randpark-ridge/412-kabeljou-cres/T4339153,Sold,House,,,,503 m²,R 1600,,3,2,gauteng,johannesburg,randburg-and-ferndale,randpark-ridge,T4339153,2024-02-26
3 Bed House in Randpark Ridge,https://www.privateproperty.co.za/for-sale/gauteng/johannesburg/randburg-and-ferndale/randpark-ridge/164-dale-lace-avenue/T4507929,Sold,House,,,230 ,1002 m²,,,3,2,gauteng,johannesburg,randburg-and-ferndale,randpark-ridge,T4507929,2024-02-26
5 Bed House in Randpark Ridge,https://www.privateproperty.co.za/for-sale/gauteng/johannesburg/randburg-and-ferndale/randpark-ridge/23-korhaan-street/T4370459,Sold,House,,,,1000 m²,R 1552,,5,2,gauteng,johannesburg,randburg-and-ferndale,randpark-ridge,T4370459,2024-02-26
4 Bed House in Randpark Ridge,https://www.privateproperty.co.za/for-sale/gauteng/johannesburg/randburg-and-ferndale/randpark-ridge/7-hibiscus-street/T4329941,Sold,House,,,,904 m²,R 1500,,4,4,gauteng,johannesburg,randburg-and-ferndale,randpark-ridge,T4329941,2024-02-26
2 Bed Townhouse in Windsor East,https://www.privateproperty.co.za/for-sale/gauteng/johannesburg/randburg-and-ferndale/windsor-east/3-letaba-flats/76-queens-avenue/T3749884,Sold,Townhouse,,,99 ,,,,2,1.5,gauteng,johannesburg,randburg-and-ferndale,windsor-east,T3749884,2024-02-26
3 Bed House in Bordeaux,https://www.privateproperty.co.za/for-sale/gauteng/johannesburg/randburg-and-ferndale/bordeaux/11-noreen-avenue/T4322631,Sold,House,,,,870 m²None,,,3,2,gauteng,johannesburg,randburg-and-ferndale,bordeaux,T4322631,2024-02-26
2 Bed Townhouse in Ferndale,https://www.privateproperty.co.za/for-sale/gauteng/johannesburg/randburg-and-ferndale/ferndale/9-lanoag/40-dover-str/T4499020,Sold,Townhouse,,,80 ,80 m²,,,2,2,gauteng,johannesburg,randburg-and-ferndale,ferndale,T4499020,2024-02-26
2 Bed Apartment in Ferndale,https://www.privateproperty.co.za/for-sale/gauteng/johannesburg/randburg-and-ferndale/ferndale/T4202360,Sold,Apartment,,,56 ,,R 200,,2,1,gauteng,johannesburg,randburg-and-ferndale,ferndale,T4202360,2024-02-26
2 Bed Apartment in Ferndale,https://www.privateproperty.co.za/for-sale/gauteng/johannesburg/randburg-and-ferndale/ferndale/T4417162,Sold,Apartment,,,61 ,4013 m²,,,2,1,gauteng,johannesburg,randburg-and-ferndale,ferndale,T4417162,2024-02-26
2 Bed Apartment in Ferndale,https://www.privateproperty.co.za/for-sale/gauteng/johannesburg/randburg-and-ferndale/ferndale/T4333401,Sold,Apartment,,,56 ,,R 880,,2,1,gauteng,johannesburg,randburg-and-ferndale,ferndale,T4333401,2024-02-26
2 Bed Apartment in Darrenwood,https://www.privateproperty.co.za/for-sale/gauteng/johannesburg/randburg-and-ferndale/darrenwood/T4240536,Sold,Apartment,,,88 ,,,R 1800,2,2,gauteng,johannesburg,randburg-and-ferndale,darrenwood,T4240536,2024-02-26
2 Bed Townhouse in Randpark Ridge,https://www.privateproperty.co.za/for-sale/gauteng/johannesburg/randburg-and-ferndale/randpark-ridge/T4397325,Sold,Townhouse,,,79 ,,R 663,,2,2,gauteng,johannesburg,randburg-and-ferndale,randpark-ridge,T4397325,2024-02-26
3 Bed Townhouse in Malanshof,https://www.privateproperty.co.za/for-sale/gauteng/johannesburg/randburg-and-ferndale/malanshof/T4357254,Sold,Townhouse,,,112 ,,R 410,,3,1.5,gauteng,johannesburg,randburg-and-ferndale,malanshof,T4357254,2024-02-26
3 Bed House in Ferndale,https://www.privateproperty.co.za/for-sale/gauteng/johannesburg/randburg-and-ferndale/ferndale/T4411456,Sold,House,,,107 ,,R 981,,3,2,gauteng,johannesburg,randburg-and-ferndale,ferndale,T4411456,2024-02-26
2 Bed House in Randpark Ridge,https://www.privateproperty.co.za/for-sale/gauteng/johannesburg/randburg-and-ferndale/randpark-ridge/T4498531,Sold,House,,,,361 m²,R 494,,2,1,gauteng,johannesburg,randburg-and-ferndale,randpark-ridge,T4498531,2024-02-26
2 Bed Apartment in Ferndale,https://www.privateproperty.co.za/for-sale/gauteng/johannesburg/randburg-and-ferndale/ferndale/T4169655,Sold,Apartment,,,100 ,,R 700,,2,2,gauteng,johannesburg,randburg-and-ferndale,ferndale,T4169655,2024-02-26
4 Bed House in Randpark Ridge,https://www.privateproperty.co.za/for-sale/gauteng/johannesburg/randburg-and-ferndale/randpark-ridge/T4352489,Sold,House,,,,1278 m²,R 2031,,4,2,gauteng,johannesburg,randburg-and-ferndale,randpark-ridge,T4352489,2024-02-26
3 Bed House in Randpark Ridge,https://www.privateproperty.co.za/for-sale/gauteng/johannesburg/randburg-and-ferndale/randpark-ridge/T4363619,Sold,House,,,,800 m²,R 767,,3,2,gauteng,johannesburg,randburg-and-ferndale,randpark-ridge,T4363619,2024-02-26
3 Bed House in Kensington B,https://www.privateproperty.co.za/for-sale/gauteng/johannesburg/randburg-and-ferndale/kensington-b/T4023771,Sold,House,,,,993 m²,R 1500,,3,2,gauteng,johannesburg,randburg-and-ferndale,kensington-b,T4023771,2024-02-26
3 Bed House in Randpark,https://www.privateproperty.co.za/for-sale/gauteng/johannesburg/randburg-and-ferndale/randpark/T4390176,Sold,House,,,,1675 m²,R 1000,,3,2.5,gauteng,johannesburg,randburg-and-ferndale,randpark,T4390176,2024-02-26
4 Bed Townhouse in Randpark Ridge,https://www.privateproperty.co.za/for-sale/gauteng/johannesburg/randburg-and-ferndale/randpark-ridge/T4475163,Sold,Townhouse,,,183 ,,R 952,,4,2,gauteng,johannesburg,randburg-and-ferndale,randpark-ridge,T4475163,2024-02-26
4 Bed House in Randpark,https://www.privateproperty.co.za/for-sale/gauteng/johannesburg/randburg-and-ferndale/randpark/T4426697,Sold,House,,,,1487 m²,R 2956,,4,3,gauteng,johannesburg,randburg-and-ferndale,randpark,T4426697,2024-02-26
2 Bed Apartment in Ferndale,https://www.privateproperty.co.za/for-sale/gauteng/johannesburg/randburg-and-ferndale/ferndale/T4430216,Sold,Apartment,,,84 ,,,,2,1,gauteng,johannesburg,randburg-and-ferndale,ferndale,T4430216,2024-02-26
2 Bed Apartment in Ferndale,https://www.privateproperty.co.za/for-sale/gauteng/johannesburg/randburg-and-ferndale/ferndale/T4096510,Sold,Apartment,,,85 ,,,,2,2,gauteng,johannesburg,randburg-and-ferndale,ferndale,T4096510,2024-02-26
3 Bed House in Fontainebleau,https://www.privateproperty.co.za/for-sale/gauteng/johannesburg/randburg-and-ferndale/fontainebleau/T4078074,Sold,House,,,,1784 m²None,,,3,1,gauteng,johannesburg,randburg-and-ferndale,fontainebleau,T4078074,2024-02-26
2 Bed House in Randpark Ridge,https://www.privateproperty.co.za/for-sale/gauteng/johannesburg/randburg-and-ferndale/randpark-ridge/T4310288,Sold,House,,,242 ,1045 m²,,,2,1,gauteng,johannesburg,randburg-and-ferndale,randpark-ridge,T4310288,2024-02-26
1 Bed Townhouse in Ferndale,https://www.privateproperty.co.za/for-sale/gauteng/johannesburg/randburg-and-ferndale/ferndale/T3924005,Sold,Townhouse,,,,,,,1,1,gauteng,johannesburg,randburg-and-ferndale,ferndale,T3924005,2024-02-26
2 Bed House in Windsor East,https://www.privateproperty.co.za/for-sale/gauteng/johannesburg/randburg-and-ferndale/windsor-east/T4030841,Sold,House,,,68 ,991 m²,,,2,1,gauteng,johannesburg,randburg-and-ferndale,windsor-east,T4030841,2024-02-26
3 Bed Apartment in Glen Atholl,https://www.privateproperty.co.za/for-sale/gauteng/johannesburg/sandton-and-bryanston-north/atholl/16-homestead-manor/82-homestead-road/T4452982,Sold,Apartment,,,109 ,1.1 ha,,,3,2,gauteng,johannesburg,sandton-and-bryanston-north,atholl,T4452982,2024-02-26
3 Bed Simplex in Buccleuch,https://www.privateproperty.co.za/for-sale/gauteng/johannesburg/sandton-and-bryanston-north/buccleuch/3-gibson-downs/6b-gibson-drive-west/T11344,Sold,Simplex,,,140 ,200 m²,,,3,2,gauteng,johannesburg,sandton-and-bryanston-north,buccleuch,T11344,2024-02-26
1 Bed Apartment in Magaliessig,https://www.privateproperty.co.za/for-sale/gauteng/johannesburg/sandton-and-bryanston-north/magaliessig/16-northfields/29-troupant-avenue/T4014218,Sold,Apartment,,,79 ,,R 540,,1,1,gauteng,johannesburg,sandton-and-bryanston-north,magaliessig,T4014218,2024-02-26
1 Bed Apartment in Bryanston,https://www.privateproperty.co.za/for-sale/gauteng/johannesburg/sandton-and-bryanston-north/bryanston/302-the-nicol/48-hobart-road/T4357502,Sold,Apartment,,,57 ,,R 250,,1,1,gauteng,johannesburg,sandton-and-bryanston-north,bryanston,T4357502,2024-02-26
2 Bed Apartment in Magaliessig,https://www.privateproperty.co.za/for-sale/gauteng/johannesburg/sandton-and-bryanston-north/magaliessig/124-shingara-sands/20-petroy-drive/T4321931,Sold,Apartment,,,95 ,2.8 ha,,,2,1,gauteng,johannesburg,sandton-and-bryanston-north,magaliessig,T4321931,2024-02-26
2 Bed Apartment in Magaliessig,https://www.privateproperty.co.za/for-sale/gauteng/johannesburg/sandton-and-bryanston-north/magaliessig/122-ss/26-petroy-drive/T4402135,Sold,Apartment,,,97 ,97 m²,,,2,2,gauteng,johannesburg,sandton-and-bryanston-north,magaliessig,T4402135,2024-02-26
2 Bed Apartment in Magaliessig,https://www.privateproperty.co.za/for-sale/gauteng/johannesburg/sandton-and-bryanston-north/magaliessig/255-ss-shingara-sands/24-petroy-drive/T3731073,Sold,Apartment,,,98 ,2.8 ha,,,2,1,gauteng,johannesburg,sandton-and-bryanston-north,magaliessig,T3731073,2024-02-26
1 Bed Apartment in Morningside,https://www.privateproperty.co.za/for-sale/gauteng/johannesburg/sandton-and-bryanston-north/morningside/39-san-marino/39-san-marino/T4157562,Sold,Apartment,,,54 ,1.7 ha,,,1,1,gauteng,johannesburg,sandton-and-bryanston-north,morningside,T4157562,2024-02-26
2 Bed Apartment in Rivonia,https://www.privateproperty.co.za/for-sale/gauteng/johannesburg/sandton-and-bryanston-north/rivonia/9-tamarack/16-9th-avanue/T4022525,Sold,Apartment,,,92 ,,R 717,,2,2,gauteng,johannesburg,sandton-and-bryanston-north,rivonia,T4022525,2024-02-26
2 Bed Apartment in Edenburg,https://www.privateproperty.co.za/for-sale/gauteng/johannesburg/sandton-and-bryanston-north/edenburg/4120-the-link/16a-11th-avenue/T3961286,Sold,Apartment,,,77 ,,R 960,,2,2,gauteng,johannesburg,sandton-and-bryanston-north,edenburg,T3961286,2024-02-26
2 Bed Apartment in Magaliessig,https://www.privateproperty.co.za/for-sale/gauteng/johannesburg/sandton-and-bryanston-north/magaliessig/4-sparrow-view/4-sparrow-close/T4004698,Sold,Apartment,,,79 ,,R 500,,2,1,gauteng,johannesburg,sandton-and-bryanston-north,magaliessig,T4004698,2024-02-26
2 Bed Apartment in Rivonia,https://www.privateproperty.co.za/for-sale/gauteng/johannesburg/sandton-and-bryanston-north/rivonia/32-the-atrium/9-de-la-rey/T4493123,Sold,Apartment,,,69 ,69 m²,,,2,1,gauteng,johannesburg,sandton-and-bryanston-north,rivonia,T4493123,2024-02-26
2 Bed Apartment in Illovo,https://www.privateproperty.co.za/for-sale/gauteng/johannesburg/sandton-and-bryanston-north/illovo/215-prestwick/15-north-street/T4333863,Sold,Apartment,,,96 ,,,R 3431,2,1,gauteng,johannesburg,sandton-and-bryanston-north,illovo,T4333863,2024-02-26
2 Bed Townhouse in Edenburg,https://www.privateproperty.co.za/for-sale/gauteng/johannesburg/sandton-and-bryanston-north/edenburg/122-eden-sandton/44-stiglingh-road/T4141330,Sold,Townhouse,,,53 ,,R 885,,2,1,gauteng,johannesburg,sandton-and-bryanston-north,edenburg,T4141330,2024-02-26
3 Bed Townhouse in River Club,https://www.privateproperty.co.za/for-sale/gauteng/johannesburg/sandton-and-bryanston-north/river-club/5-kings-creek/15-kingswood-cresc/T4290686,Sold,Townhouse,,,143 ,143 m²,,,3,2.5,gauteng,johannesburg,sandton-and-bryanston-north,river-club,T4290686,2024-02-26
2 Bed Apartment in Morningside,https://www.privateproperty.co.za/for-sale/gauteng/johannesburg/sandton-and-bryanston-north/morningside/56c-129-waldorf-2/4-centre-road/T4483195,Sold,Apartment,,,88 ,,R 1377,,2,2,gauteng,johannesburg,sandton-and-bryanston-north,morningside,T4483195,2024-02-26
2 Bed Apartment in Bryanston,https://www.privateproperty.co.za/for-sale/gauteng/johannesburg/sandton-and-bryanston-north/bryanston/50-kasherel/71-14th-street/T4348343,Sold,Apartment,,,141 ,,R 575,,2,2,gauteng,johannesburg,sandton-and-bryanston-north,bryanston,T4348343,2024-02-26
1 Bed Townhouse in River Club,https://www.privateproperty.co.za/for-sale/gauteng/johannesburg/sandton-and-bryanston-north/river-club/1-beachwood-cottages/T3821448,Sold,Townhouse,,,182 ,,R 1141,,1,1.5,gauteng,johannesburg,sandton-and-bryanston-north,river-club,T3821448,2024-02-26
4 Bed Townhouse in Gallo Manor,https://www.privateproperty.co.za/for-sale/gauteng/johannesburg/sandton-and-bryanston-north/gallo-manor/a0-manor-mews/11-dahlia-street/T4288614,Sold,Townhouse,,,201 ,,R 1687,,4,2,gauteng,johannesburg,sandton-and-bryanston-north,gallo-manor,T4288614,2024-02-26
3 Bed Townhouse in Morningside,https://www.privateproperty.co.za/for-sale/gauteng/johannesburg/sandton-and-bryanston-north/morningside/5-valleylodge/2-palala-close/T4205647,Sold,Townhouse,,,137 ,,R 414,,3,2,gauteng,johannesburg,sandton-and-bryanston-north,morningside,T4205647,2024-02-26
1 Bed Apartment in Bryanston,https://www.privateproperty.co.za/for-sale/gauteng/johannesburg/sandton-and-bryanston-north/bryanston/48-baccarat-lodge/26-cedar/T4341974,Sold,Apartment,,,31 ,1.4 ha,,,1,1,gauteng,johannesburg,sandton-and-bryanston-north,bryanston,T4341974,2024-02-26
3 Bed Simplex in Bryanston,https://www.privateproperty.co.za/for-sale/gauteng/johannesburg/sandton-and-bryanston-north/bryanston/00-cedarparc/24-cedar-road/T4411188,Sold,Simplex,,,194 ,,,,3,2,gauteng,johannesburg,sandton-and-bryanston-north,bryanston,T4411188,2024-02-26
3 Bed Apartment in Morningside,https://www.privateproperty.co.za/for-sale/gauteng/johannesburg/sandton-and-bryanston-north/morningside/36-morningsun/10-pam-rd/T4164587,Sold,Apartment,,,118 ,,,,3,2,gauteng,johannesburg,sandton-and-bryanston-north,morningside,T4164587,2024-02-26
2 Bed Apartment in Atholl,https://www.privateproperty.co.za/for-sale/gauteng/johannesburg/sandton-and-bryanston-north/atholl/le-club/135-froome-street/T4199476,Sold,Apartment,,,118 ,,,R 3957,2,2,gauteng,johannesburg,sandton-and-bryanston-north,atholl,T4199476,2024-02-26
3 Bed Apartment in Morningside,https://www.privateproperty.co.za/for-sale/gauteng/johannesburg/sandton-and-bryanston-north/morningside/80-mile-downe-manor/385-summit-road/T4509744,Sold,Apartment,,,106 ,,R 1355,,3,2,gauteng,johannesburg,sandton-and-bryanston-north,morningside,T4509744,2024-02-26
2 Bed House in Morningside,https://www.privateproperty.co.za/for-sale/gauteng/johannesburg/sandton-and-bryanston-north/morningside/1-the-manor/27-centre-road/T4499795,Sold,House,,,87 ,,R 434,,2,2,gauteng,johannesburg,sandton-and-bryanston-north,morningside,T4499795,2024-02-26
2 Bed Apartment in Bryanston,https://www.privateproperty.co.za/for-sale/gauteng/johannesburg/sandton-and-bryanston-north/bryanston/001-cara-blu/4-vlok-road/T4494283,Sold,Apartment,,,,,R 546,R 1226,2,1,gauteng,johannesburg,sandton-and-bryanston-north,bryanston,T4494283,2024-02-26
2 Bed Duplex in Buccleuch,https://www.privateproperty.co.za/for-sale/gauteng/johannesburg/sandton-and-bryanston-north/buccleuch/T4222210,Sold,Duplex,,,59 ,1.9 ha,,,2,1,gauteng,johannesburg,sandton-and-bryanston-north,buccleuch,T4222210,2024-02-26
2 Bed Apartment in Bryanston,https://www.privateproperty.co.za/for-sale/gauteng/johannesburg/sandton-and-bryanston-north/bryanston/T4414975,Sold,Apartment,,,82 ,,R 470,,2,2,gauteng,johannesburg,sandton-and-bryanston-north,bryanston,T4414975,2024-02-26
2 Bed Townhouse in Bryanston,https://www.privateproperty.co.za/for-sale/gauteng/johannesburg/sandton-and-bryanston-north/bryanston/T4260725,Sold,Townhouse,,,85 ,,R 800,,2,1,gauteng,johannesburg,sandton-and-bryanston-north,bryanston,T4260725,2024-02-26
2 Bed Apartment in Illovo,https://www.privateproperty.co.za/for-sale/gauteng/johannesburg/sandton-and-bryanston-north/illovo/T4068371,Sold,Apartment,,,127 ,,R 1412,,2,2.5,gauteng,johannesburg,sandton-and-bryanston-north,illovo,T4068371,2024-02-26
2 Bed Townhouse in Rivonia,https://www.privateproperty.co.za/for-sale/gauteng/johannesburg/sandton-and-bryanston-north/rivonia/T4364502,Sold,Townhouse,,,89 ,,R 1058,,2,2,gauteng,johannesburg,sandton-and-bryanston-north,rivonia,T4364502,2024-02-26
2 Bed Apartment in Edenburg,https://www.privateproperty.co.za/for-sale/gauteng/johannesburg/sandton-and-bryanston-north/edenburg/T4317699,Sold,Apartment,,,80 ,80 m²,,,2,2,gauteng,johannesburg,sandton-and-bryanston-north,edenburg,T4317699,2024-02-26
2 Bed Townhouse in Bryanston,https://www.privateproperty.co.za/for-sale/gauteng/johannesburg/sandton-and-bryanston-north/bryanston/T4237591,Sold,Townhouse,,,60 ,60 m²,,,2,1,gauteng,johannesburg,sandton-and-bryanston-north,bryanston,T4237591,2024-02-26
4 Bed House in Lombardy East,https://www.privateproperty.co.za/for-sale/gauteng/johannesburg/sandton-and-bryanston-north/lombardy-east/T4074330,Sold,House,,,250 ,2023 m²,,,4,2,gauteng,johannesburg,sandton-and-bryanston-north,lombardy-east,T4074330,2024-02-26
3 Bed Apartment in Morningside,https://www.privateproperty.co.za/for-sale/gauteng/johannesburg/sandton-and-bryanston-north/morningside/T4355218,Sold,Apartment,,,103 ,,R 929,,3,2,gauteng,johannesburg,sandton-and-bryanston-north,morningside,T4355218,2024-02-26
2 Bed Apartment in Illovo,https://www.privateproperty.co.za/for-sale/gauteng/johannesburg/sandton-and-bryanston-north/illovo/T3956053,Sold,Apartment,,,105 ,,R 1295,,2,1.5,gauteng,johannesburg,sandton-and-bryanston-north,illovo,T3956053,2024-02-26
3 Bed Apartment in Bryanston,https://www.privateproperty.co.za/for-sale/gauteng/johannesburg/sandton-and-bryanston-north/bryanston/T4437293,Sold,Apartment,,,102 ,1.1 ha,,,3,2,gauteng,johannesburg,sandton-and-bryanston-north,bryanston,T4437293,2024-02-26
3 Bed House in Rembrandt Park,https://www.privateproperty.co.za/for-sale/gauteng/johannesburg/sandton-and-bryanston-north/rembrandt-park/T4145464,Sold,House,,,,1487 m²,R 934,,3,2,gauteng,johannesburg,sandton-and-bryanston-north,rembrandt-park,T4145464,2024-02-26
2 Bed Apartment in Benmore Gardens,https://www.privateproperty.co.za/for-sale/gauteng/johannesburg/sandton-and-bryanston-north/benmore-gardens/T4409697,Sold,Apartment,,,134 ,3.5 ha,,,2,2,gauteng,johannesburg,sandton-and-bryanston-north,benmore-gardens,T4409697,2024-02-26
2 Bed Apartment in Sandhurst,https://www.privateproperty.co.za/for-sale/gauteng/johannesburg/sandton-and-bryanston-north/sandhurst/T4252688,Sold,Apartment,,,89 ,,R 1290,,2,2,gauteng,johannesburg,sandton-and-bryanston-north,sandhurst,T4252688,2024-02-26
2 Bed Apartment in Illovo,https://www.privateproperty.co.za/for-sale/gauteng/johannesburg/sandton-and-bryanston-north/illovo/T4240053,Sold,Apartment,,,108 ,3932 m²,,,2,2,gauteng,johannesburg,sandton-and-bryanston-north,illovo,T4240053,2024-02-26
3 Bed Townhouse in Bryanston,https://www.privateproperty.co.za/for-sale/gauteng/johannesburg/sandton-and-bryanston-north/bryanston/T4392695,Sold,Townhouse,,,141 ,,R 1742,,3,2,gauteng,johannesburg,sandton-and-bryanston-north,bryanston,T4392695,2024-02-26
2 Bed Apartment in Hurlingham,https://www.privateproperty.co.za/for-sale/gauteng/johannesburg/sandton-and-bryanston-north/hurlingham/T4259251,Sold,Apartment,,,97 ,,R 1486,,2,2,gauteng,johannesburg,sandton-and-bryanston-north,hurlingham,T4259251,2024-02-26
3 Bed Apartment in Hyde Park,https://www.privateproperty.co.za/for-sale/gauteng/johannesburg/sandton-and-bryanston-north/hyde-park/T4084611,Sold,Apartment,,,118 ,6501 m²,,,3,2,gauteng,johannesburg,sandton-and-bryanston-north,hyde-park,T4084611,2024-02-26
2 Bed Townhouse in Bryanston East,https://www.privateproperty.co.za/for-sale/gauteng/johannesburg/sandton-and-bryanston-north/bryanston/T4396919,Sold,Townhouse,,,140 ,,R 649,,2,2,gauteng,johannesburg,sandton-and-bryanston-north,bryanston,T4396919,2024-02-26
2 Bed Apartment in Morningside,https://www.privateproperty.co.za/for-sale/gauteng/johannesburg/sandton-and-bryanston-north/morningside/T4227534,Sold,Apartment,,,108 ,,R 1787,,2,1,gauteng,johannesburg,sandton-and-bryanston-north,morningside,T4227534,2024-02-26
3 Bed Townhouse in Morningside,https://www.privateproperty.co.za/for-sale/gauteng/johannesburg/sandton-and-bryanston-north/morningside/T4007981,Sold,Townhouse,,,169 ,,,R 3062,3,2,gauteng,johannesburg,sandton-and-bryanston-north,morningside,T4007981,2024-02-26
3 Bed Townhouse in Morningside Manor,https://www.privateproperty.co.za/for-sale/gauteng/johannesburg/sandton-and-bryanston-north/morningside-manor/T4311197,Sold,Townhouse,,,161 ,,R 1561,,3,2.5,gauteng,johannesburg,sandton-and-bryanston-north,morningside-manor,T4311197,2024-02-26
2 Bed Apartment in Edenburg,https://www.privateproperty.co.za/for-sale/gauteng/johannesburg/sandton-and-bryanston-north/edenburg/T4211677,Sold,Apartment,,,60 ,,,,2,1,gauteng,johannesburg,sandton-and-bryanston-north,edenburg,T4211677,2024-02-26
3 Bed Apartment in Sandown,https://www.privateproperty.co.za/for-sale/gauteng/johannesburg/sandton-and-bryanston-north/sandown/T4344214,Sold,Apartment,,,91 ,,,,3,2,gauteng,johannesburg,sandton-and-bryanston-north,sandown,T4344214,2024-02-26
3 Bed House in Bramley,https://www.privateproperty.co.za/for-sale/gauteng/johannesburg/sandton-and-bryanston-north/bramley/T4302613,Sold,House,,,,1798 m²None,,,3,3,gauteng,johannesburg,sandton-and-bryanston-north,bramley,T4302613,2024-02-26
3 Bed Apartment in Illovo,https://www.privateproperty.co.za/for-sale/gauteng/johannesburg/sandton-and-bryanston-north/illovo/T4194492,Sold,Apartment,,,116 ,,,,3,2,gauteng,johannesburg,sandton-and-bryanston-north,illovo,T4194492,2024-02-26
2 Bed Apartment in Illovo,https://www.privateproperty.co.za/for-sale/gauteng/johannesburg/sandton-and-bryanston-north/illovo/T4230025,Sold,Apartment,,,96 ,,,,2,2,gauteng,johannesburg,sandton-and-bryanston-north,illovo,T4230025,2024-02-26
2 Bed Apartment in Rembrandt Park,https://www.privateproperty.co.za/for-sale/gauteng/johannesburg/sandton-and-bryanston-north/rembrandt-park/T4112587,Sold,Apartment,,,,,,,2,1,gauteng,johannesburg,sandton-and-bryanston-north,rembrandt-park,T4112587,2024-02-26
2 Bed Apartment in Magaliessig,https://www.privateproperty.co.za/for-sale/gauteng/johannesburg/sandton-and-bryanston-north/magaliessig/T3964275,Sold,Apartment,,,,,,,2,2,gauteng,johannesburg,sandton-and-bryanston-north,magaliessig,T3964275,2024-02-26
2 Bed Apartment in Magaliessig,https://www.privateproperty.co.za/for-sale/gauteng/johannesburg/sandton-and-bryanston-north/magaliessig/T3969012,Sold,Apartment,,,,,,,2,2.5,gauteng,johannesburg,sandton-and-bryanston-north,magaliessig,T3969012,2024-02-26
2 Bed Apartment in Buccleuch,https://www.privateproperty.co.za/for-sale/gauteng/johannesburg/sandton-and-bryanston-north/buccleuch/T4363699,Sold,Apartment,,,68 ,,R 500,,2,1,gauteng,johannesburg,sandton-and-bryanston-north,buccleuch,T4363699,2024-02-26
1 Bed Apartment in Linbro Park,https://www.privateproperty.co.za/for-sale/gauteng/johannesburg/sandton-and-bryanston-north/linbro-park/T4324119,Sold,Apartment,,,40 ,,R 570,,1,1,gauteng,johannesburg,sandton-and-bryanston-north,linbro-park,T4324119,2024-02-26
2 Bed Apartment in Buccleuch,https://www.privateproperty.co.za/for-sale/gauteng/johannesburg/sandton-and-bryanston-north/buccleuch/T4336416,Sold,Apartment,,,58 ,1.2 ha,,,2,1,gauteng,johannesburg,sandton-and-bryanston-north,buccleuch,T4336416,2024-02-26
1 Bed Apartment in Atholl,https://www.privateproperty.co.za/for-sale/gauteng/johannesburg/sandton-and-bryanston-north/atholl/T3692085,Sold,Apartment,,,56 ,,R 500,,1,1,gauteng,johannesburg,sandton-and-bryanston-north,atholl,T3692085,2024-02-26
5 Bed House in Bramley Park,https://www.privateproperty.co.za/for-sale/gauteng/johannesburg/sandton-and-bryanston-north/bramley-park/19-beryl-ave/T3699691,Sold,House,,,,1010 m²,R 1000,,5,3,gauteng,johannesburg,sandton-and-bryanston-north,bramley-park,T3699691,2024-02-26
5 Bed House in River Club,https://www.privateproperty.co.za/for-sale/gauteng/johannesburg/sandton-and-bryanston-north/river-club/8-bagatelle/14-coleraine-drive/T4334746,Sold,House,,,710 ,875 m²,,,5,5,gauteng,johannesburg,sandton-and-bryanston-north,river-club,T4334746,2024-02-26
4 Bed House in Lombardy East,https://www.privateproperty.co.za/for-sale/gauteng/johannesburg/sandton-and-bryanston-north/lombardy-east/33-milton-road/T4315961,Sold,House,,,,2023 m²,R 1150,,4,3,gauteng,johannesburg,sandton-and-bryanston-north,lombardy-east,T4315961,2024-02-26
3 Bed Apartment in Morningside,https://www.privateproperty.co.za/for-sale/gauteng/johannesburg/sandton-and-bryanston-north/morningside/408-west-road-south/22-west-road/T4205005,Sold,Apartment,,,184 ,,R 3091,,3,3.5,gauteng,johannesburg,sandton-and-bryanston-north,morningside,T4205005,2024-02-26
2 Bed Apartment in Morningside Manor,https://www.privateproperty.co.za/for-sale/gauteng/johannesburg/sandton-and-bryanston-north/morningside-manor/7-morningside-terraces/32-gary-avenue/T4182389,Sold,Apartment,,,93 ,,R 1004,,2,2,gauteng,johannesburg,sandton-and-bryanston-north,morningside-manor,T4182389,2024-02-26
1 Bed Apartment in Morningside,https://www.privateproperty.co.za/for-sale/gauteng/johannesburg/sandton-and-bryanston-north/morningside/16-sandton-skye/1-stan-close/T4085274,Sold,Apartment,,,38 ,,R 1409,,1,1,gauteng,johannesburg,sandton-and-bryanston-north,morningside,T4085274,2024-02-26
6 Bed House in River Club,https://www.privateproperty.co.za/for-sale/gauteng/johannesburg/sandton-and-bryanston-north/river-club/37-panners-lane/T4039320,Sold,House,,,,1945 m²,R 4017,,6,5,gauteng,johannesburg,sandton-and-bryanston-north,river-club,T4039320,2024-02-26
2 Bed Apartment in Magaliessig,https://www.privateproperty.co.za/for-sale/gauteng/johannesburg/sandton-and-bryanston-north/magaliessig/T4077869,Sold,Apartment,,,70 ,,R 600,,2,1,gauteng,johannesburg,sandton-and-bryanston-north,magaliessig,T4077869,2024-02-26
3 Bed House in Bryanston,https://www.privateproperty.co.za/for-sale/gauteng/johannesburg/sandton-and-bryanston-north/bryanston/T4073196,Sold,House,,,,164 m²,R 3462,,3,2,gauteng,johannesburg,sandton-and-bryanston-north,bryanston,T4073196,2024-02-26